system_id,scenario_id,scenario_version,partition,seed,threshold,metric,value
system_b_static_neuro_symbolic_v1,cicids2017_sudden_benign_v1,1,pre_drift,0,0.692427396774292,accuracy,0.9788189431129078
system_b_static_neuro_symbolic_v1,cicids2017_sudden_benign_v1,1,pre_drift,0,0.692427396774292,balanced_accuracy,0.795888924152714
system_b_static_neuro_symbolic_v1,cicids2017_sudden_benign_v1,1,pre_drift,0,0.692427396774292,precision,0.9990592662276576
system_b_static_neuro_symbolic_v1,cicids2017_sudden_benign_v1,1,pre_drift,0,0.692427396774292,recall,0.5918083031485093
system_b_static_neuro_symbolic_v1,cicids2017_sudden_benign_v1,1,pre_drift,0,0.692427396774292,f1,0.7433070866141732
system_b_static_neuro_symbolic_v1,cicids2017_sudden_benign_v1,1,pre_drift,0,0.692427396774292,fpr,3.0454843081421025e-05
system_b_static_neuro_symbolic_v1,cicids2017_sudden_benign_v1,1,pre_drift,0,0.692427396774292,mcc,0.7604652196957679
system_b_static_neuro_symbolic_v1,cicids2017_sudden_benign_v1,1,pre_drift,0,0.692427396774292,roc_auc,0.9925567820430167
system_b_static_neuro_symbolic_v1,cicids2017_sudden_benign_v1,1,pre_drift,0,0.692427396774292,average_precision,0.9101221098162924
system_b_static_neuro_symbolic_v1,cicids2017_sudden_benign_v1,1,pre_drift,0,0.692427396774292,resolved_coverage,0.9891423621137742
system_b_static_neuro_symbolic_v1,cicids2017_sudden_benign_v1,1,pre_drift,0,0.692427396774292,raw_activation_coverage,0.9891423621137742
system_b_static_neuro_symbolic_v1,cicids2017_sudden_benign_v1,1,pre_drift,0,0.692427396774292,uncovered_rate,0.010857637886225817
system_b_static_neuro_symbolic_v1,cicids2017_sudden_benign_v1,1,pre_drift,0,0.692427396774292,conflict_abstention_rate,0.0
system_b_static_neuro_symbolic_v1,cicids2017_sudden_benign_v1,1,pre_drift,0,0.692427396774292,symbolic_neural_fidelity,0.9971244234250014
system_b_static_neuro_symbolic_v1,cicids2017_sudden_benign_v1,1,pre_drift,1,0.9235901534557343,accuracy,0.977346231591106
system_b_static_neuro_symbolic_v1,cicids2017_sudden_benign_v1,1,pre_drift,1,0.9235901534557343,balanced_accuracy,0.7880004791313067
system_b_static_neuro_symbolic_v1,cicids2017_sudden_benign_v1,1,pre_drift,1,0.9235901534557343,precision,0.9764150943396226
system_b_static_neuro_symbolic_v1,cicids2017_sudden_benign_v1,1,pre_drift,1,0.9235901534557343,recall,0.5767623293396489
system_b_static_neuro_symbolic_v1,cicids2017_sudden_benign_v1,1,pre_drift,1,0.9235901534557343,f1,0.7251707829742512
system_b_static_neuro_symbolic_v1,cicids2017_sudden_benign_v1,1,pre_drift,1,0.9235901534557343,fpr,0.0007613710770355256
system_b_static_neuro_symbolic_v1,cicids2017_sudden_benign_v1,1,pre_drift,1,0.9235901534557343,mcc,0.741204676815303
system_b_static_neuro_symbolic_v1,cicids2017_sudden_benign_v1,1,pre_drift,1,0.9235901534557343,roc_auc,0.9956970208803504
system_b_static_neuro_symbolic_v1,cicids2017_sudden_benign_v1,1,pre_drift,1,0.9235901534557343,average_precision,0.9419806944501874
system_b_static_neuro_symbolic_v1,cicids2017_sudden_benign_v1,1,pre_drift,1,0.9235901534557343,resolved_coverage,0.9810135720473577
system_b_static_neuro_symbolic_v1,cicids2017_sudden_benign_v1,1,pre_drift,1,0.9235901534557343,raw_activation_coverage,0.9810135720473577
system_b_static_neuro_symbolic_v1,cicids2017_sudden_benign_v1,1,pre_drift,1,0.9235901534557343,uncovered_rate,0.01898642795264222
system_b_static_neuro_symbolic_v1,cicids2017_sudden_benign_v1,1,pre_drift,1,0.9235901534557343,conflict_abstention_rate,0.0
system_b_static_neuro_symbolic_v1,cicids2017_sudden_benign_v1,1,pre_drift,1,0.9235901534557343,symbolic_neural_fidelity,0.9968062403414526
system_b_static_neuro_symbolic_v1,cicids2017_sudden_benign_v1,1,pre_drift,2,0.8299936652183533,accuracy,0.9767686976609876
system_b_static_neuro_symbolic_v1,cicids2017_sudden_benign_v1,1,pre_drift,2,0.8299936652183533,balanced_accuracy,0.7832181014083397
system_b_static_neuro_symbolic_v1,cicids2017_sudden_benign_v1,1,pre_drift,2,0.8299936652183533,precision,0.9732313575525813
system_b_static_neuro_symbolic_v1,cicids2017_sudden_benign_v1,1,pre_drift,2,0.8299936652183533,recall,0.567288938422959
system_b_static_neuro_symbolic_v1,cicids2017_sudden_benign_v1,1,pre_drift,2,0.8299936652183533,f1,0.7167752156310508
system_b_static_neuro_symbolic_v1,cicids2017_sudden_benign_v1,1,pre_drift,2,0.8299936652183533,fpr,0.0008527356062797886
system_b_static_neuro_symbolic_v1,cicids2017_sudden_benign_v1,1,pre_drift,2,0.8299936652183533,mcc,0.7336053639776725
system_b_static_neuro_symbolic_v1,cicids2017_sudden_benign_v1,1,pre_drift,2,0.8299936652183533,roc_auc,0.913639857411426
system_b_static_neuro_symbolic_v1,cicids2017_sudden_benign_v1,1,pre_drift,2,0.8299936652183533,average_precision,0.7399247748660461
system_b_static_neuro_symbolic_v1,cicids2017_sudden_benign_v1,1,pre_drift,2,0.8299936652183533,resolved_coverage,0.9555876407738955
system_b_static_neuro_symbolic_v1,cicids2017_sudden_benign_v1,1,pre_drift,2,0.8299936652183533,raw_activation_coverage,0.9555876407738955
system_b_static_neuro_symbolic_v1,cicids2017_sudden_benign_v1,1,pre_drift,2,0.8299936652183533,uncovered_rate,0.044412359226104536
system_b_static_neuro_symbolic_v1,cicids2017_sudden_benign_v1,1,pre_drift,2,0.8299936652183533,conflict_abstention_rate,0.0
system_b_static_neuro_symbolic_v1,cicids2017_sudden_benign_v1,1,pre_drift,2,0.8299936652183533,symbolic_neural_fidelity,0.9991689834401064
system_b_static_neuro_symbolic_v1,cicids2017_sudden_benign_v1,1,pre_drift,3,0.9747405052185059,accuracy,0.9760467802483396
system_b_static_neuro_symbolic_v1,cicids2017_sudden_benign_v1,1,pre_drift,3,0.9747405052185059,balanced_accuracy,0.7688771245472277
system_b_static_neuro_symbolic_v1,cicids2017_sudden_benign_v1,1,pre_drift,3,0.9747405052185059,precision,1.0
system_b_static_neuro_symbolic_v1,cicids2017_sudden_benign_v1,1,pre_drift,3,0.9747405052185059,recall,0.5377542490944552
system_b_static_neuro_symbolic_v1,cicids2017_sudden_benign_v1,1,pre_drift,3,0.9747405052185059,f1,0.6994020655915927
system_b_static_neuro_symbolic_v1,cicids2017_sudden_benign_v1,1,pre_drift,3,0.9747405052185059,fpr,0.0
system_b_static_neuro_symbolic_v1,cicids2017_sudden_benign_v1,1,pre_drift,3,0.9747405052185059,mcc,0.7242265348973537
system_b_static_neuro_symbolic_v1,cicids2017_sudden_benign_v1,1,pre_drift,3,0.9747405052185059,roc_auc,0.9968061151559902
system_b_static_neuro_symbolic_v1,cicids2017_sudden_benign_v1,1,pre_drift,3,0.9747405052185059,average_precision,0.955141756763229
system_b_static_neuro_symbolic_v1,cicids2017_sudden_benign_v1,1,pre_drift,3,0.9747405052185059,resolved_coverage,0.956482818365579
system_b_static_neuro_symbolic_v1,cicids2017_sudden_benign_v1,1,pre_drift,3,0.9747405052185059,raw_activation_coverage,0.956482818365579
system_b_static_neuro_symbolic_v1,cicids2017_sudden_benign_v1,1,pre_drift,3,0.9747405052185059,uncovered_rate,0.043517181634421025
system_b_static_neuro_symbolic_v1,cicids2017_sudden_benign_v1,1,pre_drift,3,0.9747405052185059,conflict_abstention_rate,0.0
system_b_static_neuro_symbolic_v1,cicids2017_sudden_benign_v1,1,pre_drift,3,0.9747405052185059,symbolic_neural_fidelity,0.9984904748965975
system_b_static_neuro_symbolic_v1,cicids2017_sudden_benign_v1,1,pre_drift,4,0.9527904391288757,accuracy,0.9749783424776206
system_b_static_neuro_symbolic_v1,cicids2017_sudden_benign_v1,1,pre_drift,4,0.9527904391288757,balanced_accuracy,0.7656796927195433
system_b_static_neuro_symbolic_v1,cicids2017_sudden_benign_v1,1,pre_drift,4,0.9527904391288757,precision,0.9725050916496945
system_b_static_neuro_symbolic_v1,cicids2017_sudden_benign_v1,1,pre_drift,4,0.9527904391288757,recall,0.5321816662022848
system_b_static_neuro_symbolic_v1,cicids2017_sudden_benign_v1,1,pre_drift,4,0.9527904391288757,f1,0.687916441563119
system_b_static_neuro_symbolic_v1,cicids2017_sudden_benign_v1,1,pre_drift,4,0.9527904391288757,fpr,0.0008222807631983677
system_b_static_neuro_symbolic_v1,cicids2017_sudden_benign_v1,1,pre_drift,4,0.9527904391288757,mcc,0.709572102821635
system_b_static_neuro_symbolic_v1,cicids2017_sudden_benign_v1,1,pre_drift,4,0.9527904391288757,roc_auc,0.9975017652077635
system_b_static_neuro_symbolic_v1,cicids2017_sudden_benign_v1,1,pre_drift,4,0.9527904391288757,average_precision,0.9591766974081105
system_b_static_neuro_symbolic_v1,cicids2017_sudden_benign_v1,1,pre_drift,4,0.9527904391288757,resolved_coverage,0.9547213398787179
system_b_static_neuro_symbolic_v1,cicids2017_sudden_benign_v1,1,pre_drift,4,0.9527904391288757,raw_activation_coverage,0.9547213398787179
system_b_static_neuro_symbolic_v1,cicids2017_sudden_benign_v1,1,pre_drift,4,0.9527904391288757,uncovered_rate,0.04527866012128213
system_b_static_neuro_symbolic_v1,cicids2017_sudden_benign_v1,1,pre_drift,4,0.9527904391288757,conflict_abstention_rate,0.0
system_b_static_neuro_symbolic_v1,cicids2017_sudden_benign_v1,1,pre_drift,4,0.9527904391288757,symbolic_neural_fidelity,0.9979281350190551
system_b_static_neuro_symbolic_v1,cicids2017_sudden_benign_v1,1,post_drift,0,0.692427396774292,accuracy,0.9812184206727299
system_b_static_neuro_symbolic_v1,cicids2017_sudden_benign_v1,1,post_drift,0,0.692427396774292,balanced_accuracy,0.8187340727301777
system_b_static_neuro_symbolic_v1,cicids2017_sudden_benign_v1,1,post_drift,0,0.692427396774292,precision,0.9973730297723292
system_b_static_neuro_symbolic_v1,cicids2017_sudden_benign_v1,1,post_drift,0,0.692427396774292,recall,0.6375594738315141
system_b_static_neuro_symbolic_v1,cicids2017_sudden_benign_v1,1,post_drift,0,0.692427396774292,f1,0.7778726310397814
system_b_static_neuro_symbolic_v1,cicids2017_sudden_benign_v1,1,post_drift,0,0.692427396774292,fpr,9.132837115850038e-05
system_b_static_neuro_symbolic_v1,cicids2017_sudden_benign_v1,1,post_drift,0,0.692427396774292,mcc,0.789601005469884
system_b_static_neuro_symbolic_v1,cicids2017_sudden_benign_v1,1,post_drift,0,0.692427396774292,roc_auc,0.9672551919218346
system_b_static_neuro_symbolic_v1,cicids2017_sudden_benign_v1,1,post_drift,0,0.692427396774292,average_precision,0.8310716404268792
system_b_static_neuro_symbolic_v1,cicids2017_sudden_benign_v1,1,post_drift,0,0.692427396774292,resolved_coverage,0.9844665800490833
system_b_static_neuro_symbolic_v1,cicids2017_sudden_benign_v1,1,post_drift,0,0.692427396774292,raw_activation_coverage,0.9844665800490833
system_b_static_neuro_symbolic_v1,cicids2017_sudden_benign_v1,1,post_drift,0,0.692427396774292,uncovered_rate,0.015533419950916703
system_b_static_neuro_symbolic_v1,cicids2017_sudden_benign_v1,1,post_drift,0,0.692427396774292,conflict_abstention_rate,0.0
system_b_static_neuro_symbolic_v1,cicids2017_sudden_benign_v1,1,post_drift,0,0.692427396774292,symbolic_neural_fidelity,0.9979177053699739
system_b_static_neuro_symbolic_v1,cicids2017_sudden_benign_v1,1,post_drift,1,0.9235901534557343,accuracy,0.9803233723112459
system_b_static_neuro_symbolic_v1,cicids2017_sudden_benign_v1,1,post_drift,1,0.9235901534557343,balanced_accuracy,0.8120428061929019
system_b_static_neuro_symbolic_v1,cicids2017_sudden_benign_v1,1,post_drift,1,0.9235901534557343,precision,0.9906749555950266
system_b_static_neuro_symbolic_v1,cicids2017_sudden_benign_v1,1,post_drift,1,0.9235901534557343,recall,0.6244052616848587
system_b_static_neuro_symbolic_v1,cicids2017_sudden_benign_v1,1,post_drift,1,0.9235901534557343,f1,0.7660085836909871
system_b_static_neuro_symbolic_v1,cicids2017_sudden_benign_v1,1,post_drift,1,0.9235901534557343,fpr,0.00031964929905475137
system_b_static_neuro_symbolic_v1,cicids2017_sudden_benign_v1,1,post_drift,1,0.9235901534557343,mcc,0.7783116355725251
system_b_static_neuro_symbolic_v1,cicids2017_sudden_benign_v1,1,post_drift,1,0.9235901534557343,roc_auc,0.9749112086345433
system_b_static_neuro_symbolic_v1,cicids2017_sudden_benign_v1,1,post_drift,1,0.9235901534557343,average_precision,0.8500775903768816
system_b_static_neuro_symbolic_v1,cicids2017_sudden_benign_v1,1,post_drift,1,0.9235901534557343,resolved_coverage,0.9851017756604591
system_b_static_neuro_symbolic_v1,cicids2017_sudden_benign_v1,1,post_drift,1,0.9235901534557343,raw_activation_coverage,0.9851017756604591
system_b_static_neuro_symbolic_v1,cicids2017_sudden_benign_v1,1,post_drift,1,0.9235901534557343,uncovered_rate,0.014898224339540926
system_b_static_neuro_symbolic_v1,cicids2017_sudden_benign_v1,1,post_drift,1,0.9235901534557343,conflict_abstention_rate,0.0
system_b_static_neuro_symbolic_v1,cicids2017_sudden_benign_v1,1,post_drift,1,0.9235901534557343,symbolic_neural_fidelity,0.9975819924382309
system_b_static_neuro_symbolic_v1,cicids2017_sudden_benign_v1,1,post_drift,2,0.8299936652183533,accuracy,0.9800057745055579
system_b_static_neuro_symbolic_v1,cicids2017_sudden_benign_v1,1,post_drift,2,0.8299936652183533,balanced_accuracy,0.8094934717148583
system_b_static_neuro_symbolic_v1,cicids2017_sudden_benign_v1,1,post_drift,2,0.8299936652183533,precision,0.9888293118856122
system_b_static_neuro_symbolic_v1,cicids2017_sudden_benign_v1,1,post_drift,2,0.8299936652183533,recall,0.6193674783095438
system_b_static_neuro_symbolic_v1,cicids2017_sudden_benign_v1,1,post_drift,2,0.8299936652183533,f1,0.7616589227327483
system_b_static_neuro_symbolic_v1,cicids2017_sudden_benign_v1,1,post_drift,2,0.8299936652183533,fpr,0.00038053487982708497
system_b_static_neuro_symbolic_v1,cicids2017_sudden_benign_v1,1,post_drift,2,0.8299936652183533,mcc,0.7742828425988982
system_b_static_neuro_symbolic_v1,cicids2017_sudden_benign_v1,1,post_drift,2,0.8299936652183533,roc_auc,0.9624387812248891
system_b_static_neuro_symbolic_v1,cicids2017_sudden_benign_v1,1,post_drift,2,0.8299936652183533,average_precision,0.7967332299372288
system_b_static_neuro_symbolic_v1,cicids2017_sudden_benign_v1,1,post_drift,2,0.8299936652183533,resolved_coverage,0.9647466435686445
system_b_static_neuro_symbolic_v1,cicids2017_sudden_benign_v1,1,post_drift,2,0.8299936652183533,raw_activation_coverage,0.9647466435686445
system_b_static_neuro_symbolic_v1,cicids2017_sudden_benign_v1,1,post_drift,2,0.8299936652183533,uncovered_rate,0.03525335643135556
system_b_static_neuro_symbolic_v1,cicids2017_sudden_benign_v1,1,post_drift,2,0.8299936652183533,conflict_abstention_rate,0.0
system_b_static_neuro_symbolic_v1,cicids2017_sudden_benign_v1,1,post_drift,2,0.8299936652183533,symbolic_neural_fidelity,0.9992518106183037
system_b_static_neuro_symbolic_v1,cicids2017_sudden_benign_v1,1,post_drift,3,0.9747405052185059,accuracy,0.9792983975747077
system_b_static_neuro_symbolic_v1,cicids2017_sudden_benign_v1,1,post_drift,3,0.9747405052185059,balanced_accuracy,0.7997252787384446
system_b_static_neuro_symbolic_v1,cicids2017_sudden_benign_v1,1,post_drift,3,0.9747405052185059,precision,0.9986013986013986
system_b_static_neuro_symbolic_v1,cicids2017_sudden_benign_v1,1,post_drift,3,0.9747405052185059,recall,0.5994962216624685
system_b_static_neuro_symbolic_v1,cicids2017_sudden_benign_v1,1,post_drift,3,0.9747405052185059,f1,0.7492130115424974
system_b_static_neuro_symbolic_v1,cicids2017_sudden_benign_v1,1,post_drift,3,0.9747405052185059,fpr,4.566418557925019e-05
system_b_static_neuro_symbolic_v1,cicids2017_sudden_benign_v1,1,post_drift,3,0.9747405052185059,mcc,0.7653971628451632
system_b_static_neuro_symbolic_v1,cicids2017_sudden_benign_v1,1,post_drift,3,0.9747405052185059,roc_auc,0.9834725852426993
system_b_static_neuro_symbolic_v1,cicids2017_sudden_benign_v1,1,post_drift,3,0.9747405052185059,average_precision,0.882197063489792
system_b_static_neuro_symbolic_v1,cicids2017_sudden_benign_v1,1,post_drift,3,0.9747405052185059,resolved_coverage,0.9643279919156922
system_b_static_neuro_symbolic_v1,cicids2017_sudden_benign_v1,1,post_drift,3,0.9747405052185059,raw_activation_coverage,0.9643279919156922
system_b_static_neuro_symbolic_v1,cicids2017_sudden_benign_v1,1,post_drift,3,0.9747405052185059,uncovered_rate,0.03567200808430778
system_b_static_neuro_symbolic_v1,cicids2017_sudden_benign_v1,1,post_drift,3,0.9747405052185059,conflict_abstention_rate,0.0
system_b_static_neuro_symbolic_v1,cicids2017_sudden_benign_v1,1,post_drift,3,0.9747405052185059,symbolic_neural_fidelity,0.9987125555771793
system_b_static_neuro_symbolic_v1,cicids2017_sudden_benign_v1,1,post_drift,4,0.9527904391288757,accuracy,0.9787498195467013
system_b_static_neuro_symbolic_v1,cicids2017_sudden_benign_v1,1,post_drift,4,0.9527904391288757,balanced_accuracy,0.797451156287343
system_b_static_neuro_symbolic_v1,cicids2017_sudden_benign_v1,1,post_drift,4,0.9527904391288757,precision,0.9879238272178356
system_b_static_neuro_symbolic_v1,cicids2017_sudden_benign_v1,1,post_drift,4,0.9527904391288757,recall,0.5952980688497062
system_b_static_neuro_symbolic_v1,cicids2017_sudden_benign_v1,1,post_drift,4,0.9527904391288757,f1,0.7429269996507161
system_b_static_neuro_symbolic_v1,cicids2017_sudden_benign_v1,1,post_drift,4,0.9527904391288757,fpr,0.00039575627502016835
system_b_static_neuro_symbolic_v1,cicids2017_sudden_benign_v1,1,post_drift,4,0.9527904391288757,mcc,0.7582224714052775
system_b_static_neuro_symbolic_v1,cicids2017_sudden_benign_v1,1,post_drift,4,0.9527904391288757,roc_auc,0.986496667070398
system_b_static_neuro_symbolic_v1,cicids2017_sudden_benign_v1,1,post_drift,4,0.9527904391288757,average_precision,0.8917587878010548
system_b_static_neuro_symbolic_v1,cicids2017_sudden_benign_v1,1,post_drift,4,0.9527904391288757,resolved_coverage,0.9445936191713584
system_b_static_neuro_symbolic_v1,cicids2017_sudden_benign_v1,1,post_drift,4,0.9527904391288757,raw_activation_coverage,0.9445936191713584
system_b_static_neuro_symbolic_v1,cicids2017_sudden_benign_v1,1,post_drift,4,0.9527904391288757,uncovered_rate,0.05540638082864155
system_b_static_neuro_symbolic_v1,cicids2017_sudden_benign_v1,1,post_drift,4,0.9527904391288757,conflict_abstention_rate,0.0
system_b_static_neuro_symbolic_v1,cicids2017_sudden_benign_v1,1,post_drift,4,0.9527904391288757,symbolic_neural_fidelity,0.99825773321922
