system_id,scenario_id,partition,seed,threshold,neural_weight,sample_count,benign_count,attack_count,attack_prevalence,tn,fp,fn,tp,accuracy,balanced_accuracy,precision,recall,f1,fpr,mcc,roc_auc,average_precision,resolved_coverage,raw_activation_coverage,uncovered_rate,conflict_abstention_rate,symbolic_neural_fidelity,symbolic_inference_seconds
system_b_static_neuro_symbolic_v1,cicids2017_sudden_benign_v1,pre_drift,0,0.692427396774292,0.5,69260,65671,3589,0.051819231879872946,65669,2,1465,2124,0.9788189431129078,0.795888924152714,0.9990592662276576,0.5918083031485093,0.7433070866141732,3.0454843081421025e-05,0.7604652196957679,0.9925567820430167,0.9101221098162924,0.9891423621137742,0.9891423621137742,0.010857637886225817,0.0,0.9971244234250014,0.009349800064228475
system_b_static_neuro_symbolic_v1,cicids2017_sudden_benign_v1,pre_drift,1,0.9235901534557343,0.5,69260,65671,3589,0.051819231879872946,65621,50,1519,2070,0.977346231591106,0.7880004791313067,0.9764150943396226,0.5767623293396489,0.7251707829742512,0.0007613710770355256,0.741204676815303,0.9956970208803504,0.9419806944501874,0.9810135720473577,0.9810135720473577,0.01898642795264222,0.0,0.9968062403414526,0.01083199994172901
system_b_static_neuro_symbolic_v1,cicids2017_sudden_benign_v1,pre_drift,2,0.8299936652183533,0.5,69260,65671,3589,0.051819231879872946,65615,56,1553,2036,0.9767686976609876,0.7832181014083397,0.9732313575525813,0.567288938422959,0.7167752156310508,0.0008527356062797886,0.7336053639776725,0.913639857411426,0.7399247748660461,0.9555876407738955,0.9555876407738955,0.044412359226104536,0.0,0.9991689834401064,0.010286399978213012
system_b_static_neuro_symbolic_v1,cicids2017_sudden_benign_v1,pre_drift,3,0.9747405052185059,0.5,69260,65671,3589,0.051819231879872946,65671,0,1659,1930,0.9760467802483396,0.7688771245472277,1.0,0.5377542490944552,0.6994020655915927,0.0,0.7242265348973537,0.9968061151559902,0.955141756763229,0.956482818365579,0.956482818365579,0.043517181634421025,0.0,0.9984904748965975,0.010954400058835745
system_b_static_neuro_symbolic_v1,cicids2017_sudden_benign_v1,pre_drift,4,0.9527904391288757,0.5,69260,65671,3589,0.051819231879872946,65617,54,1679,1910,0.9749783424776206,0.7656796927195433,0.9725050916496945,0.5321816662022848,0.687916441563119,0.0008222807631983677,0.709572102821635,0.9975017652077635,0.9591766974081105,0.9547213398787179,0.9547213398787179,0.04527866012128213,0.0,0.9979281350190551,0.013619099976494908
system_b_static_neuro_symbolic_v1,cicids2017_sudden_benign_v1,post_drift,0,0.692427396774292,0.5,69270,65697,3573,0.05158077089649199,65691,6,1295,2278,0.9812184206727299,0.8187340727301777,0.9973730297723292,0.6375594738315141,0.7778726310397814,9.132837115850038e-05,0.789601005469884,0.9672551919218346,0.8310716404268792,0.9844665800490833,0.9844665800490833,0.015533419950916703,0.0,0.9979177053699739,0.014602100010961294
system_b_static_neuro_symbolic_v1,cicids2017_sudden_benign_v1,post_drift,1,0.9235901534557343,0.5,69270,65697,3573,0.05158077089649199,65676,21,1342,2231,0.9803233723112459,0.8120428061929019,0.9906749555950266,0.6244052616848587,0.7660085836909871,0.00031964929905475137,0.7783116355725251,0.9749112086345433,0.8500775903768816,0.9851017756604591,0.9851017756604591,0.014898224339540926,0.0,0.9975819924382309,0.01330780005082488
system_b_static_neuro_symbolic_v1,cicids2017_sudden_benign_v1,post_drift,2,0.8299936652183533,0.5,69270,65697,3573,0.05158077089649199,65672,25,1360,2213,0.9800057745055579,0.8094934717148583,0.9888293118856122,0.6193674783095438,0.7616589227327483,0.00038053487982708497,0.7742828425988982,0.9624387812248891,0.7967332299372288,0.9647466435686445,0.9647466435686445,0.03525335643135556,0.0,0.9992518106183037,0.012975999969057739
system_b_static_neuro_symbolic_v1,cicids2017_sudden_benign_v1,post_drift,3,0.9747405052185059,0.5,69270,65697,3573,0.05158077089649199,65694,3,1431,2142,0.9792983975747077,0.7997252787384446,0.9986013986013986,0.5994962216624685,0.7492130115424974,4.566418557925019e-05,0.7653971628451632,0.9834725852426993,0.882197063489792,0.9643279919156922,0.9643279919156922,0.03567200808430778,0.0,0.9987125555771793,0.014121699961833656
system_b_static_neuro_symbolic_v1,cicids2017_sudden_benign_v1,post_drift,4,0.9527904391288757,0.5,69270,65697,3573,0.05158077089649199,65671,26,1446,2127,0.9787498195467013,0.797451156287343,0.9879238272178356,0.5952980688497062,0.7429269996507161,0.00039575627502016835,0.7582224714052775,0.986496667070398,0.8917587878010548,0.9445936191713584,0.9445936191713584,0.05540638082864155,0.0,0.99825773321922,0.008830000064335763
