system_id,scenario_id,partition,seed,rule_id,consequent,support,covered_count,class_precision,neural_fidelity,stability,complexity,activation_rate
system_b_static_neuro_symbolic_v1,cicids2017_sudden_benign_v1,pre_drift,0,r0-s0-26839f4140ffb321,0,0.018394455674270862,1274,1.0,1.0,1.0,3,0.018394455674270862
system_b_static_neuro_symbolic_v1,cicids2017_sudden_benign_v1,pre_drift,0,r0-s0-591df9f6c6fa8951,0,0.0,0,0.0,0.0,0.0,4,0.0
system_b_static_neuro_symbolic_v1,cicids2017_sudden_benign_v1,pre_drift,0,r0-s0-620330157f0b221e,0,0.01673404562518048,1159,1.0,1.0,1.0,4,0.01673404562518048
system_b_static_neuro_symbolic_v1,cicids2017_sudden_benign_v1,pre_drift,0,r0-s0-aa4b5a66d01c2c72,0,0.9226248917123882,63901,0.9793117478599709,0.9999374031705294,1.0,4,0.9226248917123882
system_b_static_neuro_symbolic_v1,cicids2017_sudden_benign_v1,pre_drift,0,r0-s0-df4c314d6f7d172c,0,5.775339301183944e-05,4,1.0,1.0,0.0,3,5.775339301183944e-05
system_b_static_neuro_symbolic_v1,cicids2017_sudden_benign_v1,pre_drift,0,r0-s0-f2cc4ffd2bf03db1,1,0.023491192607565693,1627,1.0,0.915181315304241,0.98,3,0.023491192607565693
system_b_static_neuro_symbolic_v1,cicids2017_sudden_benign_v1,pre_drift,0,r0-s0-f8822e4be9f72a44,0,0.007840023101357205,543,0.8655616942909761,0.8987108655616943,0.45,4,0.007840023101357205
system_b_static_neuro_symbolic_v1,cicids2017_sudden_benign_v1,pre_drift,1,r0-s1-0890152daf045f4d,0,0.12707190297429974,8801,1.0,0.999772753096239,1.0,4,0.12707190297429974
system_b_static_neuro_symbolic_v1,cicids2017_sudden_benign_v1,pre_drift,1,r0-s1-2826ffef116c9676,1,0.008749639041293677,606,1.0,0.7788778877887789,0.0,3,0.008749639041293677
system_b_static_neuro_symbolic_v1,cicids2017_sudden_benign_v1,pre_drift,1,r0-s1-39e2b73a57609d15,0,0.017499278082587354,1212,0.0594059405940594,0.9966996699669967,0.0,4,0.017499278082587354
system_b_static_neuro_symbolic_v1,cicids2017_sudden_benign_v1,pre_drift,1,r0-s1-53f619d047b09df9,0,0.8011983829049957,55491,0.9953866392748374,0.999783748716008,1.0,4,0.8011983829049957
system_b_static_neuro_symbolic_v1,cicids2017_sudden_benign_v1,pre_drift,1,r0-s1-559c8b45c52dd8e0,0,2.887669650591972e-05,2,1.0,1.0,0.0,2,2.887669650591972e-05
system_b_static_neuro_symbolic_v1,cicids2017_sudden_benign_v1,pre_drift,1,r0-s1-6f9ae0317f17ee29,1,0.0229136586774473,1587,0.9993698802772527,0.9596723377441714,1.0,4,0.0229136586774473
system_b_static_neuro_symbolic_v1,cicids2017_sudden_benign_v1,pre_drift,1,r0-s1-9603784d9163cfef,0,0.0,0,0.0,0.0,0.0,4,0.0
system_b_static_neuro_symbolic_v1,cicids2017_sudden_benign_v1,pre_drift,1,r0-s1-a7b27ed12f9ff15e,0,0.003551833670228126,246,0.9959349593495935,0.9959349593495935,1.0,4,0.003551833670228126
system_b_static_neuro_symbolic_v1,cicids2017_sudden_benign_v1,pre_drift,2,r0-s2-308ae20b031294e5,0,0.7996967946866879,55387,0.9954140863379494,0.9998375069962265,1.0,4,0.7996967946866879
system_b_static_neuro_symbolic_v1,cicids2017_sudden_benign_v1,pre_drift,2,r0-s2-3151baf23ddac905,0,0.0007507941091539128,52,1.0,0.8461538461538461,0.0,4,0.0007507941091539128
system_b_static_neuro_symbolic_v1,cicids2017_sudden_benign_v1,pre_drift,2,r0-s2-339d2c93c87954a6,1,0.0229136586774473,1587,1.0,0.9773156899810964,1.0,3,0.0229136586774473
system_b_static_neuro_symbolic_v1,cicids2017_sudden_benign_v1,pre_drift,2,r0-s2-3ef521c3c5d64201,0,0.0,0,0.0,0.0,0.0,4,0.0
system_b_static_neuro_symbolic_v1,cicids2017_sudden_benign_v1,pre_drift,2,r0-s2-9e298cf758ee7460,0,5.775339301183944e-05,4,1.0,1.0,0.0,3,5.775339301183944e-05
system_b_static_neuro_symbolic_v1,cicids2017_sudden_benign_v1,pre_drift,2,r0-s2-ebe3f52b21c3dbcf,0,0.12609009529309848,8733,1.0,0.9998854918126646,1.0,4,0.12609009529309848
system_b_static_neuro_symbolic_v1,cicids2017_sudden_benign_v1,pre_drift,2,r0-s2-f0249e5137b511d8,0,0.0060785446144961015,421,0.997624703087886,0.997624703087886,1.0,4,0.0060785446144961015
system_b_static_neuro_symbolic_v1,cicids2017_sudden_benign_v1,pre_drift,3,r0-s3-537191aa821f4854,0,0.0008951775916835114,62,1.0,0.9838709677419355,0.0,4,0.0008951775916835114
system_b_static_neuro_symbolic_v1,cicids2017_sudden_benign_v1,pre_drift,3,r0-s3-547997da8a60d2d9,0,0.8011983829049957,55491,0.9953866392748374,0.9999819790596673,1.0,4,0.8011983829049957
system_b_static_neuro_symbolic_v1,cicids2017_sudden_benign_v1,pre_drift,3,r0-s3-796860cef021de2e,1,0.02289922032919434,1586,0.9993694829760403,0.9388398486759143,1.0,4,0.02289922032919434
system_b_static_neuro_symbolic_v1,cicids2017_sudden_benign_v1,pre_drift,3,r0-s3-79d7fc3f29cd8e4e,0,2.887669650591972e-05,2,1.0,1.0,0.0,2,2.887669650591972e-05
system_b_static_neuro_symbolic_v1,cicids2017_sudden_benign_v1,pre_drift,3,r0-s3-9c6cdfe75a7d01de,0,0.003551833670228126,246,0.9959349593495935,0.9959349593495935,1.0,4,0.003551833670228126
system_b_static_neuro_symbolic_v1,cicids2017_sudden_benign_v1,pre_drift,3,r0-s3-a162a1d51ac9e9ea,0,0.1261189719896044,8735,1.0,1.0,1.0,3,0.1261189719896044
system_b_static_neuro_symbolic_v1,cicids2017_sudden_benign_v1,pre_drift,3,r0-s3-e71a7cc956b5d661,0,0.0017903551833670227,124,1.0,1.0,1.0,4,0.0017903551833670227
system_b_static_neuro_symbolic_v1,cicids2017_sudden_benign_v1,pre_drift,3,r0-s3-f518f2a1ca829da9,0,0.0,0,0.0,0.0,0.0,4,0.0
system_b_static_neuro_symbolic_v1,cicids2017_sudden_benign_v1,pre_drift,4,r0-s4-62d1f83b944f50dc,0,0.007060352295697373,489,0.8507157464212679,0.9979550102249489,1.0,4,0.007060352295697373
system_b_static_neuro_symbolic_v1,cicids2017_sudden_benign_v1,pre_drift,4,r0-s4-66e3dc8cac434da1,1,0.02287034363268842,1584,0.9993686868686869,0.9204545454545454,1.0,4,0.02287034363268842
system_b_static_neuro_symbolic_v1,cicids2017_sudden_benign_v1,pre_drift,4,r0-s4-799502d6956c2bc7,0,2.887669650591972e-05,2,1.0,1.0,0.0,2,2.887669650591972e-05
system_b_static_neuro_symbolic_v1,cicids2017_sudden_benign_v1,pre_drift,4,r0-s4-8a8bd24bc943a6c6,0,0.7976898642795264,55248,0.9966695626991022,0.9998370981754996,1.0,4,0.7976898642795264
system_b_static_neuro_symbolic_v1,cicids2017_sudden_benign_v1,pre_drift,4,r0-s4-d921e73dd34c1c61,0,0.0,0,0.0,0.0,0.0,4,0.0
system_b_static_neuro_symbolic_v1,cicids2017_sudden_benign_v1,pre_drift,4,r0-s4-de9c6dab6f02b0d4,0,0.12707190297429974,8801,1.0,0.9998863765481195,1.0,4,0.12707190297429974
system_b_static_neuro_symbolic_v1,cicids2017_sudden_benign_v1,post_drift,0,r0-s0-26839f4140ffb321,0,0.03636494875126317,2519,1.0,1.0,1.0,3,0.03636494875126317
system_b_static_neuro_symbolic_v1,cicids2017_sudden_benign_v1,post_drift,0,r0-s0-591df9f6c6fa8951,0,0.0026707088205572397,185,1.0,1.0,1.0,4,0.0026707088205572397
system_b_static_neuro_symbolic_v1,cicids2017_sudden_benign_v1,post_drift,0,r0-s0-620330157f0b221e,0,0.011159231990760791,773,1.0,0.9948253557567918,1.0,4,0.011159231990760791
system_b_static_neuro_symbolic_v1,cicids2017_sudden_benign_v1,post_drift,0,r0-s0-aa4b5a66d01c2c72,0,0.8718348491410423,60392,0.9840707378460724,0.99993376606173,1.0,4,0.8718348491410423
system_b_static_neuro_symbolic_v1,cicids2017_sudden_benign_v1,post_drift,0,r0-s0-df4c314d6f7d172c,0,0.0012703912227515519,88,1.0,0.9886363636363636,0.11,3,0.0012703912227515519
system_b_static_neuro_symbolic_v1,cicids2017_sudden_benign_v1,post_drift,0,r0-s0-f2cc4ffd2bf03db1,1,0.025941966219142486,1797,1.0,0.9404563160823595,1.0,3,0.025941966219142486
system_b_static_neuro_symbolic_v1,cicids2017_sudden_benign_v1,post_drift,0,r0-s0-f8822e4be9f72a44,0,0.03522448390356576,2440,0.884016393442623,0.989344262295082,1.0,4,0.03522448390356576
system_b_static_neuro_symbolic_v1,cicids2017_sudden_benign_v1,post_drift,1,r0-s1-0890152daf045f4d,0,0.07861989317164718,5446,1.0,0.9987146529562982,1.0,4,0.07861989317164718
system_b_static_neuro_symbolic_v1,cicids2017_sudden_benign_v1,post_drift,1,r0-s1-2826ffef116c9676,1,0.007896636350512487,547,1.0,0.7915904936014625,0.0,3,0.007896636350512487
system_b_static_neuro_symbolic_v1,cicids2017_sudden_benign_v1,post_drift,1,r0-s1-39e2b73a57609d15,0,0.032597083874693226,2258,0.6736049601417183,0.9982285208148804,0.0,4,0.032597083874693226
system_b_static_neuro_symbolic_v1,cicids2017_sudden_benign_v1,post_drift,1,r0-s1-53f619d047b09df9,0,0.8343871805976614,57798,0.9912799750856431,0.9999307934530607,1.0,4,0.8343871805976614
system_b_static_neuro_symbolic_v1,cicids2017_sudden_benign_v1,post_drift,1,r0-s1-559c8b45c52dd8e0,0,0.000837303305904432,58,1.0,1.0,0.0,2,0.000837303305904432
system_b_static_neuro_symbolic_v1,cicids2017_sudden_benign_v1,post_drift,1,r0-s1-6f9ae0317f17ee29,1,0.02569654973292912,1780,1.0,0.9825842696629213,1.0,4,0.02569654973292912
system_b_static_neuro_symbolic_v1,cicids2017_sudden_benign_v1,post_drift,1,r0-s1-9603784d9163cfef,0,0.0026707088205572397,185,1.0,1.0,1.0,4,0.0026707088205572397
system_b_static_neuro_symbolic_v1,cicids2017_sudden_benign_v1,post_drift,1,r0-s1-a7b27ed12f9ff15e,0,0.002396419806554064,166,0.9698795180722891,0.9698795180722891,1.0,4,0.002396419806554064
system_b_static_neuro_symbolic_v1,cicids2017_sudden_benign_v1,post_drift,2,r0-s2-308ae20b031294e5,0,0.8157788364371301,56509,0.9910987630288981,0.9999115185191739,1.0,4,0.8157788364371301
system_b_static_neuro_symbolic_v1,cicids2017_sudden_benign_v1,post_drift,2,r0-s2-3151baf23ddac905,0,0.020600548578028007,1427,1.0,0.9971969166082691,1.0,4,0.020600548578028007
system_b_static_neuro_symbolic_v1,cicids2017_sudden_benign_v1,post_drift,2,r0-s2-339d2c93c87954a6,1,0.02571098599682402,1781,1.0,0.987085906793936,1.0,3,0.02571098599682402
system_b_static_neuro_symbolic_v1,cicids2017_sudden_benign_v1,post_drift,2,r0-s2-3ef521c3c5d64201,0,0.0026707088205572397,185,1.0,1.0,1.0,4,0.0026707088205572397
system_b_static_neuro_symbolic_v1,cicids2017_sudden_benign_v1,post_drift,2,r0-s2-9e298cf758ee7460,0,0.0012703912227515519,88,1.0,1.0,0.11,3,0.0012703912227515519
system_b_static_neuro_symbolic_v1,cicids2017_sudden_benign_v1,post_drift,2,r0-s2-ebe3f52b21c3dbcf,0,0.07779702612963765,5389,1.0,0.9983299313416218,1.0,4,0.07779702612963765
system_b_static_neuro_symbolic_v1,cicids2017_sudden_benign_v1,post_drift,2,r0-s2-f0249e5137b511d8,0,0.020918146383715894,1449,0.9965493443754313,0.9937888198757764,1.0,4,0.020918146383715894
system_b_static_neuro_symbolic_v1,cicids2017_sudden_benign_v1,post_drift,3,r0-s3-537191aa821f4854,0,0.019257976035801934,1334,1.0,1.0,1.0,4,0.019257976035801934
system_b_static_neuro_symbolic_v1,cicids2017_sudden_benign_v1,post_drift,3,r0-s3-547997da8a60d2d9,0,0.8343871805976614,57798,0.9912799750856431,0.9999653967265303,1.0,4,0.8343871805976614
system_b_static_neuro_symbolic_v1,cicids2017_sudden_benign_v1,post_drift,3,r0-s3-796860cef021de2e,1,0.02569654973292912,1780,1.0,0.9589887640449438,1.0,4,0.02569654973292912
system_b_static_neuro_symbolic_v1,cicids2017_sudden_benign_v1,post_drift,3,r0-s3-79d7fc3f29cd8e4e,0,0.000837303305904432,58,1.0,1.0,0.0,2,0.000837303305904432
system_b_static_neuro_symbolic_v1,cicids2017_sudden_benign_v1,post_drift,3,r0-s3-9c6cdfe75a7d01de,0,0.002396419806554064,166,0.9698795180722891,0.9698795180722891,1.0,4,0.002396419806554064
system_b_static_neuro_symbolic_v1,cicids2017_sudden_benign_v1,post_drift,3,r0-s3-a162a1d51ac9e9ea,0,0.07753717337952938,5371,1.0,0.9992552597281698,1.0,3,0.07753717337952938
system_b_static_neuro_symbolic_v1,cicids2017_sudden_benign_v1,post_drift,3,r0-s3-e71a7cc956b5d661,0,0.001544680236754728,107,1.0,0.9813084112149533,0.8,4,0.001544680236754728
system_b_static_neuro_symbolic_v1,cicids2017_sudden_benign_v1,post_drift,3,r0-s3-f518f2a1ca829da9,0,0.0026707088205572397,185,1.0,1.0,1.0,4,0.0026707088205572397
system_b_static_neuro_symbolic_v1,cicids2017_sudden_benign_v1,post_drift,4,r0-s4-62d1f83b944f50dc,0,0.03764977623790963,2608,0.8914877300613497,0.9973159509202454,1.0,4,0.03764977623790963
system_b_static_neuro_symbolic_v1,cicids2017_sudden_benign_v1,post_drift,4,r0-s4-66e3dc8cac434da1,1,0.025682113469034214,1779,1.0,0.9482855536818438,1.0,4,0.025682113469034214
system_b_static_neuro_symbolic_v1,cicids2017_sudden_benign_v1,post_drift,4,r0-s4-799502d6956c2bc7,0,0.000837303305904432,58,1.0,0.9827586206896551,0.0,2,0.000837303305904432
system_b_static_neuro_symbolic_v1,cicids2017_sudden_benign_v1,post_drift,4,r0-s4-8a8bd24bc943a6c6,0,0.7991338241663057,55356,0.9959173350675626,0.9998554808873473,1.0,4,0.7991338241663057
system_b_static_neuro_symbolic_v1,cicids2017_sudden_benign_v1,post_drift,4,r0-s4-d921e73dd34c1c61,0,0.0026707088205572397,185,1.0,1.0,1.0,4,0.0026707088205572397
system_b_static_neuro_symbolic_v1,cicids2017_sudden_benign_v1,post_drift,4,r0-s4-de9c6dab6f02b0d4,0,0.07861989317164718,5446,1.0,0.9988982739625413,1.0,4,0.07861989317164718
