system_id,partition,stratum,metric,n_seeds,n,mean,std,ci95_low,ci95_high
system_a_static_neural_v1,post_drift,seen,accuracy,5,5,0.9990170569528767,0.0002585797025151347,0.9986959878455974,0.9993381260601559
system_a_static_neural_v1,post_drift,seen,balanced_accuracy,5,5,0.9990170569528767,0.0002585797025151347,0.9986959878455974,0.9993381260601559
system_a_static_neural_v1,post_drift,seen,precision,5,5,0.0,0.0,0.0,0.0
system_a_static_neural_v1,post_drift,seen,recall,5,5,0.0,0.0,0.0,0.0
system_a_static_neural_v1,post_drift,seen,f1,5,5,0.0,0.0,0.0,0.0
system_a_static_neural_v1,post_drift,seen,fpr,5,5,0.0009829430471234462,0.00025857970251515346,0.0006618739398441409,0.0013040121544027517
system_a_static_neural_v1,post_drift,seen,mcc,5,5,0.0,0.0,0.0,0.0
system_a_static_neural_v1,post_drift,seen,roc_auc,0,,,,,
system_a_static_neural_v1,post_drift,seen,average_precision,0,,,,,
system_a_static_neural_v1,post_drift,seen,resolved_coverage,0,,,,,
system_a_static_neural_v1,post_drift,seen,symbolic_neural_fidelity,0,,,,,
system_a_static_neural_v1,post_drift,unseen,accuracy,5,5,0.9776663475710748,0.0006029765516591283,0.9769176532951187,0.978415041847031
system_a_static_neural_v1,post_drift,unseen,balanced_accuracy,5,5,0.7979063090578138,0.005893207260875988,0.7905889257680311,0.8052236923475965
system_a_static_neural_v1,post_drift,unseen,precision,5,5,0.9874375539429355,0.004937501321302154,0.9813068363111911,0.99356827157468
system_a_static_neural_v1,post_drift,unseen,recall,5,5,0.5962496501539323,0.011848744541191957,0.5815374906332208,0.6109618096746438
system_a_static_neural_v1,post_drift,unseen,f1,5,5,0.7434626539852836,0.008831619950639014,0.732496749446757,0.7544285585238101
system_a_static_neural_v1,post_drift,unseen,fpr,5,5,0.00043703203830457274,0.00017357205277555702,0.00022151386927883986,0.0006525502073303056
system_a_static_neural_v1,post_drift,unseen,mcc,5,5,0.7581380729103065,0.00738153047376726,0.7489726922693858,0.7673034535512273
system_a_static_neural_v1,post_drift,unseen,roc_auc,5,5,0.9755005664405699,0.01008624078615754,0.9629768443791836,0.9880242885019562
system_a_static_neural_v1,post_drift,unseen,average_precision,5,5,0.8545358485909575,0.03756404065201312,0.8078939316862902,0.9011777654956249
system_a_static_neural_v1,post_drift,unseen,resolved_coverage,0,,,,,
system_a_static_neural_v1,post_drift,unseen,symbolic_neural_fidelity,0,,,,,
system_a_static_neural_v1,pre_drift,seen,accuracy,5,5,1.0,0.0,1.0,1.0
system_a_static_neural_v1,pre_drift,seen,balanced_accuracy,5,5,1.0,0.0,1.0,1.0
system_a_static_neural_v1,pre_drift,seen,precision,5,5,0.0,0.0,0.0,0.0
system_a_static_neural_v1,pre_drift,seen,recall,5,5,0.0,0.0,0.0,0.0
system_a_static_neural_v1,pre_drift,seen,f1,5,5,0.0,0.0,0.0,0.0
system_a_static_neural_v1,pre_drift,seen,fpr,5,5,0.0,0.0,0.0,0.0
system_a_static_neural_v1,pre_drift,seen,mcc,5,5,0.0,0.0,0.0,0.0
system_a_static_neural_v1,pre_drift,seen,roc_auc,0,,,,,
system_a_static_neural_v1,pre_drift,seen,average_precision,0,,,,,
system_a_static_neural_v1,pre_drift,seen,resolved_coverage,0,,,,,
system_a_static_neural_v1,pre_drift,seen,symbolic_neural_fidelity,0,,,,,
system_a_static_neural_v1,pre_drift,unseen,accuracy,5,5,0.9736971787606258,0.000885185897696178,0.9725980752997387,0.9747962822215128
system_a_static_neural_v1,pre_drift,unseen,balanced_accuracy,5,5,0.7683465928004894,0.008391343862146369,0.7579273632303142,0.7787658223706647
system_a_static_neural_v1,pre_drift,unseen,precision,5,5,0.9759415364859972,0.012921384414792838,0.9598975186511978,0.9919855543207967
system_a_static_neural_v1,pre_drift,unseen,recall,5,5,0.5374756199498468,0.016919696017680577,0.5164670425441412,0.5584841973555524
system_a_static_neural_v1,pre_drift,unseen,f1,5,5,0.6930169185138638,0.013469151562667054,0.6762927579321502,0.7097410790955775
system_a_static_neural_v1,pre_drift,unseen,fpr,5,5,0.0007824343488679152,0.00042272001825321336,0.00025755812088286217,0.001307310576852968
system_a_static_neural_v1,pre_drift,unseen,mcc,5,5,0.7137919047835,0.011287008809278009,0.6997772322976107,0.7278065772693892
system_a_static_neural_v1,pre_drift,unseen,roc_auc,5,5,0.9785196931833801,0.03782222472520086,0.9315571984101259,1.0254821879566343
system_a_static_neural_v1,pre_drift,unseen,average_precision,5,5,0.8989876818845532,0.09055567721618817,0.7865479576522515,1.0114274061168549
system_a_static_neural_v1,pre_drift,unseen,resolved_coverage,0,,,,,
system_a_static_neural_v1,pre_drift,unseen,symbolic_neural_fidelity,0,,,,,
system_b_static_neuro_symbolic_v2_corrected,post_drift,seen,accuracy,5,5,1.0,0.0,1.0,1.0
system_b_static_neuro_symbolic_v2_corrected,post_drift,seen,balanced_accuracy,5,5,1.0,0.0,1.0,1.0
system_b_static_neuro_symbolic_v2_corrected,post_drift,seen,precision,5,5,0.0,0.0,0.0,0.0
system_b_static_neuro_symbolic_v2_corrected,post_drift,seen,recall,5,5,0.0,0.0,0.0,0.0
system_b_static_neuro_symbolic_v2_corrected,post_drift,seen,f1,5,5,0.0,0.0,0.0,0.0
system_b_static_neuro_symbolic_v2_corrected,post_drift,seen,fpr,5,5,0.0,0.0,0.0,0.0
system_b_static_neuro_symbolic_v2_corrected,post_drift,seen,mcc,5,5,0.0,0.0,0.0,0.0
system_b_static_neuro_symbolic_v2_corrected,post_drift,seen,roc_auc,0,,,,,
system_b_static_neuro_symbolic_v2_corrected,post_drift,seen,average_precision,0,,,,,
system_b_static_neuro_symbolic_v2_corrected,post_drift,seen,resolved_coverage,5,5,0.942353281295172,0.002327217322636361,0.9394636593296584,0.9452429032606857
system_b_static_neuro_symbolic_v2_corrected,post_drift,seen,symbolic_neural_fidelity,5,5,0.9989567870752966,0.0002752763159478741,0.998614986384226,0.9992985877663672
system_b_static_neuro_symbolic_v2_corrected,post_drift,unseen,accuracy,5,5,0.9788424427527314,0.0009758355467855865,0.9776307828861203,0.9800541026193424
system_b_static_neuro_symbolic_v2_corrected,post_drift,unseen,balanced_accuracy,5,5,0.8074184958155671,0.008570884375521386,0.7967763372537151,0.8180606543774191
system_b_static_neuro_symbolic_v2_corrected,post_drift,unseen,precision,5,5,0.9922301034222676,0.005066740717523057,0.9859389138850861,0.998521292959449
system_b_static_neuro_symbolic_v2_corrected,post_drift,unseen,recall,5,5,0.6151133501259445,0.01710617773174105,0.5938732250895666,0.6363534751623223
system_b_static_neuro_symbolic_v2_corrected,post_drift,unseen,f1,5,5,0.7593263764659779,0.013452945148371243,0.7426223388054354,0.7760304141265204
system_b_static_neuro_symbolic_v2_corrected,post_drift,unseen,fpr,5,5,0.0002763584948102445,0.00017942278704513167,5.357567967892381e-05,0.0004991413099415653
system_b_static_neuro_symbolic_v2_corrected,post_drift,unseen,mcc,5,5,0.7724526681749698,0.011780171080127895,0.7578256538520939,0.7870796824978458
system_b_static_neuro_symbolic_v2_corrected,post_drift,unseen,roc_auc,5,5,0.976772310353437,0.009712515395511734,0.9647126296548303,0.9888319910520438
system_b_static_neuro_symbolic_v2_corrected,post_drift,unseen,average_precision,5,5,0.8605409698494124,0.037476922053856804,0.8140072249716498,0.907074714727175
system_b_static_neuro_symbolic_v2_corrected,post_drift,unseen,resolved_coverage,5,5,0.9581042682834177,0.01828035275193266,0.9354062123968778,0.9808023241699575
system_b_static_neuro_symbolic_v2_corrected,post_drift,unseen,symbolic_neural_fidelity,5,5,0.9983325733489312,0.0006951737032689742,0.9974694011890841,0.9991957455087783
system_b_static_neuro_symbolic_v2_corrected,pre_drift,seen,accuracy,5,5,1.0,0.0,1.0,1.0
system_b_static_neuro_symbolic_v2_corrected,pre_drift,seen,balanced_accuracy,5,5,1.0,0.0,1.0,1.0
system_b_static_neuro_symbolic_v2_corrected,pre_drift,seen,precision,5,5,0.0,0.0,0.0,0.0
system_b_static_neuro_symbolic_v2_corrected,pre_drift,seen,recall,5,5,0.0,0.0,0.0,0.0
system_b_static_neuro_symbolic_v2_corrected,pre_drift,seen,f1,5,5,0.0,0.0,0.0,0.0
system_b_static_neuro_symbolic_v2_corrected,pre_drift,seen,fpr,5,5,0.0,0.0,0.0,0.0
system_b_static_neuro_symbolic_v2_corrected,pre_drift,seen,mcc,5,5,0.0,0.0,0.0,0.0
system_b_static_neuro_symbolic_v2_corrected,pre_drift,seen,roc_auc,0,,,,,
system_b_static_neuro_symbolic_v2_corrected,pre_drift,seen,average_precision,0,,,,,
system_b_static_neuro_symbolic_v2_corrected,pre_drift,seen,resolved_coverage,5,5,0.9837187789084181,0.0013445367117251453,0.9820493160792056,0.9853882417376305
system_b_static_neuro_symbolic_v2_corrected,pre_drift,seen,symbolic_neural_fidelity,5,5,1.0,0.0,1.0,1.0
system_b_static_neuro_symbolic_v2_corrected,pre_drift,unseen,accuracy,5,5,0.9752001971171615,0.0015138694803917582,0.9733204798853796,0.9770799143489435
system_b_static_neuro_symbolic_v2_corrected,pre_drift,unseen,balanced_accuracy,5,5,0.7800286975256336,0.012553615396203227,0.7644413252408716,0.7956160698103957
system_b_static_neuro_symbolic_v2_corrected,pre_drift,unseen,precision,5,5,0.9837444071370793,0.01419132562242712,0.9661235490249249,1.0013652652492337
system_b_static_neuro_symbolic_v2_corrected,pre_drift,unseen,recall,5,5,0.5606018389523545,0.025035569007290183,0.5295160742414563,0.5916876036632527
system_b_static_neuro_symbolic_v2_corrected,pre_drift,unseen,f1,5,5,0.7139424875700486,0.021355092128941603,0.6874266384952172,0.74045833664488
system_b_static_neuro_symbolic_v2_corrected,pre_drift,unseen,fpr,5,5,0.0005444439010872578,0.000474907858174128,-4.52320888716161e-05,0.0011341198910461317
system_b_static_neuro_symbolic_v2_corrected,pre_drift,unseen,mcc,5,5,0.7326057777545649,0.018800022185932973,0.7092624670408599,0.7559490884682699
system_b_static_neuro_symbolic_v2_corrected,pre_drift,unseen,roc_auc,5,5,0.9800288010799149,0.03523635304572207,0.9362770900750442,1.0237805120847856
system_b_static_neuro_symbolic_v2_corrected,pre_drift,unseen,average_precision,5,5,0.9056601853548069,0.09099882953566296,0.7926702148416929,1.0186501558679208
system_b_static_neuro_symbolic_v2_corrected,pre_drift,unseen,resolved_coverage,5,5,0.9608630035727487,0.016208720540561498,0.9407372188205876,0.9809887883249098
system_b_static_neuro_symbolic_v2_corrected,pre_drift,unseen,symbolic_neural_fidelity,5,5,0.9977672484806657,0.0010363211738224705,0.9964804857885541,0.9990540111727773
