system_id,partition,stratum,seed,sample_count,benign_count,attack_count,attack_prevalence,tn,fp,fn,tp,accuracy,balanced_accuracy,precision,recall,f1,fpr,mcc,roc_auc,average_precision,resolved_coverage,symbolic_neural_fidelity
system_a_static_neural_v1,pre_drift,seen,0,4324,4324,0,0.0,4324,0,0,0,1.0,1.0,0.0,0.0,0.0,0.0,0.0,,,,
system_b_static_neuro_symbolic_v2_corrected,pre_drift,seen,0,4324,4324,0,0.0,4324,0,0,0,1.0,1.0,0.0,0.0,0.0,0.0,0.0,,,0.9861239592969473,1.0
system_a_static_neural_v1,pre_drift,unseen,0,64936,61347,3589,0.05526980411482075,61291,56,1705,1884,0.9728809905137366,0.762012234184392,0.9711340206185567,0.5249373084424631,0.6814975583288118,0.0009128400736792345,0.7033599052628751,0.9925101277563249,0.9092800854241345,,
system_b_static_neuro_symbolic_v2_corrected,pre_drift,unseen,0,64936,61347,3589,0.05526980411482075,61345,2,1465,2124,0.9774085253172354,0.7958878508586532,0.9990592662276576,0.5918083031485093,0.7433070866141732,3.2601431202829806e-05,0.7598790940499285,0.9926718177745502,0.9148447284207814,0.9893433534557102,0.996933565780462
system_a_static_neural_v1,pre_drift,seen,1,4324,4324,0,0.0,4324,0,0,0,1.0,1.0,0.0,0.0,0.0,0.0,0.0,,,,
system_b_static_neuro_symbolic_v2_corrected,pre_drift,seen,1,4324,4324,0,0.0,4324,0,0,0,1.0,1.0,0.0,0.0,0.0,0.0,0.0,,,0.9831174838112858,1.0
system_a_static_neural_v1,pre_drift,unseen,1,64936,61347,3589,0.05526980411482075,61288,59,1584,2005,0.9746981643464334,0.7788448463598057,0.9714147286821705,0.5586514349400947,0.7093578630815496,0.0009617422204834793,0.7264279195509823,0.9957660242427022,0.9429447084152405,,
system_b_static_neuro_symbolic_v2_corrected,pre_drift,unseen,1,64936,61347,3589,0.05526980411482075,61293,54,1530,2059,0.9756067512627818,0.7864085850532394,0.9744439185991481,0.5736974087489551,0.7222027358821466,0.0008802386424764047,0.7377179268361455,0.9961563239625384,0.9499186501862241,0.9584205987433781,0.9965936114146153
system_a_static_neural_v1,pre_drift,seen,2,4324,4324,0,0.0,4324,0,0,0,1.0,1.0,0.0,0.0,0.0,0.0,0.0,,,,
system_b_static_neuro_symbolic_v2_corrected,pre_drift,seen,2,4324,4324,0,0.0,4324,0,0,0,1.0,1.0,0.0,0.0,0.0,0.0,0.0,,,0.9831174838112858,1.0
system_a_static_neural_v1,pre_drift,unseen,2,64936,61347,3589,0.05526980411482075,61282,65,1606,1983,0.974266970555624,0.7757310236223076,0.96826171875,0.5525215937587071,0.7035657264502395,0.0010595465140919686,0.7210247206771431,0.9109325901914755,0.7400183729978905,,
system_b_static_neuro_symbolic_v2_corrected,pre_drift,unseen,2,64936,61347,3589,0.05526980411482075,61291,56,1553,2036,0.975221756806702,0.7831880491746399,0.9732313575525813,0.567288938422959,0.7167752156310508,0.0009128400736792345,0.7329520457048441,0.9170824791183814,0.7461415196226195,0.9537544659356906,0.9991119435519029
system_a_static_neural_v1,pre_drift,seen,3,4324,4324,0,0.0,4324,0,0,0,1.0,1.0,0.0,0.0,0.0,0.0,0.0,,,,
system_b_static_neuro_symbolic_v2_corrected,pre_drift,seen,3,4324,4324,0,0.0,4324,0,0,0,1.0,1.0,0.0,0.0,0.0,0.0,0.0,,,0.9831174838112858,1.0
system_a_static_neural_v1,pre_drift,unseen,3,64936,61347,3589,0.05526980411482075,61345,2,1688,1901,0.9739743747690033,0.7648207012348025,0.998949027850762,0.529674003900808,0.6922796795338675,3.2601431202829806e-05,0.7175661410812479,0.9963597990416532,0.9492498516765367,,
system_b_static_neuro_symbolic_v2_corrected,pre_drift,unseen,3,64936,61347,3589,0.05526980411482075,61346,1,1658,1931,0.9744517678945424,0.7690082887617311,0.9994824016563147,0.5380328782390638,0.6995109581597536,1.6300715601414903e-05,0.723588121825256,0.9967790985021178,0.9567291240570803,0.949966120487865,0.9984113346410103
system_a_static_neural_v1,pre_drift,seen,4,4324,4324,0,0.0,4324,0,0,0,1.0,1.0,0.0,0.0,0.0,0.0,0.0,,,,
system_b_static_neuro_symbolic_v2_corrected,pre_drift,seen,4,4324,4324,0,0.0,4324,0,0,0,1.0,1.0,0.0,0.0,0.0,0.0,0.0,,,0.9831174838112858,1.0
system_a_static_neural_v1,pre_drift,unseen,4,64936,61347,3589,0.05526980411482075,61289,58,1717,1872,0.9726653936183319,0.7603241586011393,0.9699481865284975,0.5215937587071607,0.6783837651748506,0.0009454415048820643,0.7005808373452513,0.9970299246847442,0.9534453909089636,,
system_b_static_neuro_symbolic_v2_corrected,pre_drift,unseen,4,64936,61347,3589,0.05526980411482075,61293,54,1679,1910,0.973312184304546,0.7656507137799042,0.9725050916496945,0.5321816662022848,0.687916441563119,0.0008802386424764047,0.7088917003566511,0.997454286041987,0.9606669044873289,0.952830479241099,0.9977857870153378
system_a_static_neural_v1,post_drift,seen,0,3459,3459,0,0.0,3456,3,0,0,0.9991326973113617,0.9991326973113617,0.0,0.0,0.0,0.0008673026886383347,0.0,,,,
system_b_static_neuro_symbolic_v2_corrected,post_drift,seen,0,3459,3459,0,0.0,3459,0,0,0,1.0,1.0,0.0,0.0,0.0,0.0,0.0,,,0.946516334200636,0.9990836896762371
system_a_static_neural_v1,post_drift,unseen,0,65811,62238,3573,0.05429183571135524,62207,31,1473,2100,0.977146677607087,0.7936216529009508,0.985452839042703,0.5877413937867338,0.7363253856942497,0.0004980879848324175,0.7517425707982783,0.9690851151300812,0.8344951933025132,,
system_b_static_neuro_symbolic_v2_corrected,post_drift,unseen,0,65811,62238,3573,0.05429183571135524,62232,6,1295,2278,0.9802312683290028,0.8187315348527088,0.9973730297723292,0.6375594738315141,0.7778726310397814,9.640412609659693e-05,0.7891728374706319,0.9692200125540315,0.8389333236544547,0.9864612298855815,0.9978589032655576
system_a_static_neural_v1,post_drift,seen,1,3459,3459,0,0.0,3456,3,0,0,0.9991326973113617,0.9991326973113617,0.0,0.0,0.0,0.0008673026886383347,0.0,,,,
system_b_static_neuro_symbolic_v2_corrected,post_drift,seen,1,3459,3459,0,0.0,3459,0,0,0,1.0,1.0,0.0,0.0,0.0,0.0,0.0,,,0.941312518068806,0.9990786240786241
system_a_static_neural_v1,post_drift,unseen,1,65811,62238,3573,0.05429183571135524,62207,31,1384,2189,0.9784990351157101,0.8060761729121457,0.9860360360360361,0.612650433809124,0.7557396858277231,0.0004980879848324175,0.7682976872007775,0.9764163390846547,0.8580018950151064,,
system_b_static_neuro_symbolic_v2_corrected,post_drift,unseen,1,65811,62238,3573,0.05429183571135524,62213,25,1349,2224,0.979122031271368,0.8110222199234168,0.9888839484215207,0.6224461237055695,0.7639986259017519,0.0004016838587358206,0.7758401129993274,0.9778781220706476,0.863900709161767,0.9505705733084134,0.9975542696377762
system_a_static_neural_v1,post_drift,seen,2,3459,3459,0,0.0,3454,5,0,0,0.9985544955189362,0.9985544955189362,0.0,0.0,0.0,0.0014455044810638912,0.0,,,,
system_b_static_neuro_symbolic_v2_corrected,post_drift,seen,2,3459,3459,0,0.0,3459,0,0,0,1.0,1.0,0.0,0.0,0.0,0.0,0.0,,,0.941312518068806,0.9984643734643734
system_a_static_neural_v1,post_drift,unseen,2,65811,62238,3573,0.05429183571135524,62204,34,1411,2162,0.9780431842701068,0.8022737343491355,0.9845173041894353,0.6050937587461517,0.749523314265904,0.0005462900478807159,0.7627439923522545,0.9620777879937911,0.8018908835202915,,
system_b_static_neuro_symbolic_v2_corrected,post_drift,unseen,2,65811,62238,3573,0.05429183571135524,62213,25,1360,2213,0.9789548859613134,0.809482897225404,0.9888293118856122,0.6193674783095438,0.7616589227327483,0.0004016838587358206,0.7738282449769438,0.9647682851416581,0.8090267275310997,0.9659783318898056,0.9992921411942365
system_a_static_neural_v1,post_drift,seen,3,3459,3459,0,0.0,3456,3,0,0,0.9991326973113617,0.9991326973113617,0.0,0.0,0.0,0.0008673026886383347,0.0,,,,
system_b_static_neuro_symbolic_v2_corrected,post_drift,seen,3,3459,3459,0,0.0,3459,0,0,0,1.0,1.0,0.0,0.0,0.0,0.0,0.0,,,0.941312518068806,0.9990786240786241
system_a_static_neural_v1,post_drift,unseen,3,65811,62238,3573,0.05429183571135524,62230,8,1469,2104,0.9775569433681299,0.7943661811843374,0.9962121212121212,0.5888609012034705,0.740193491644679,0.00012853883479546258,0.7569182341753998,0.983268915069188,0.8835144632533449,,
system_b_static_neuro_symbolic_v2_corrected,post_drift,unseen,3,65811,62238,3573,0.05429183571135524,62234,4,1426,2147,0.9782711096929084,0.8004156682579958,0.99814039981404,0.6008956059333893,0.7501747030048916,6.426941739773129e-05,0.7656730748190395,0.984454112917589,0.8902837260481598,0.9427451337922231,0.9987428074077656
system_a_static_neural_v1,post_drift,seen,4,3459,3459,0,0.0,3456,3,0,0,0.9991326973113617,0.9991326973113617,0.0,0.0,0.0,0.0008673026886383347,0.0,,,,
system_b_static_neuro_symbolic_v2_corrected,post_drift,seen,4,3459,3459,0,0.0,3459,0,0,0,1.0,1.0,0.0,0.0,0.0,0.0,0.0,,,0.941312518068806,0.9990786240786241
system_a_static_neural_v1,post_drift,unseen,4,65811,62238,3573,0.05429183571135524,62206,32,1476,2097,0.9770858974943398,0.7931938039424997,0.9849694692343823,0.5869017632241813,0.7355313924938618,0.0005141553391818503,0.7509878800248225,0.9866546749251339,0.8947768078635319,,
system_b_static_neuro_symbolic_v2_corrected,post_drift,unseen,4,65811,62238,3573,0.05429183571135524,62212,26,1446,2127,0.9776329185090639,0.7974401588183104,0.9879238272178356,0.5952980688497062,0.7429269996507161,0.0004177512130852534,0.7577490706089062,0.9875410190832592,0.900560362851581,0.9447660725410646,0.9982147452393206
