neural_weight,seed,threshold,accuracy,balanced_accuracy,precision,recall,f1,fpr,mcc,roc_auc,average_precision
0.7,0,0.698998749256134,0.9963548433665368,0.8179516830412576,0.9808429118773946,0.6360248447204969,0.771665410700829,0.00012147863798151095,0.788330944212156,0.9973637777411749,0.8322746259497459
0.9,0,0.9025245904922485,0.9961382994081132,0.8043113824955621,0.9879032258064516,0.6086956521739131,0.7532667179093006,7.288718278890656e-05,0.7739122433030963,0.9973261872707138,0.8269955303964266
1.0,0,0.9448108673095703,0.9956811510514412,0.7954699559560712,0.9407114624505929,0.591304347826087,0.7261632341723875,0.0003644359139445329,0.7440098909617848,0.9972521984804004,0.8163112989066977
0.7,1,0.9423287034034729,0.9962104807275877,0.8166487076974223,0.9622641509433962,0.6335403726708074,0.7640449438202247,0.0002429572759630219,0.7791902584929998,0.9940784370211355,0.7583036566868633
0.9,1,0.9258511900901795,0.9961984505076753,0.8166426337655232,0.96045197740113,0.6335403726708074,0.7634730538922155,0.000255105139761173,0.7784459921358261,0.9936037045401094,0.7509778297981828
1.0,1,0.9337316751480103,0.9959578461094268,0.8134459347249252,0.933456561922366,0.6273291925465838,0.75037147102526,0.00043732309673343944,0.7634782337914658,0.9934128321733382,0.7458379538083465
0.7,2,0.8308807015419006,0.99587363457004,0.8029476678327359,0.9494163424124513,0.6062111801242236,0.7399545109931767,0.00031584445875192845,0.7569160630845182,0.7141104077841701,0.6372171550604184
0.9,2,0.8964613080024719,0.9956931812713536,0.7924008094853539,0.9515151515151515,0.5850931677018634,0.7246153846153847,0.00029154873115562626,0.7443680116794227,0.7133976375347564,0.630614782103715
1.0,2,0.9123510122299194,0.9952360329146817,0.7847894711069097,0.9017681728880157,0.5701863354037268,0.6986301369863014,0.0006073931899075548,0.7150123828653424,0.7130542981594327,0.6178212153390505
0.7,3,0.9747405052185059,0.9961382994081132,0.8055414706566086,0.984,0.6111801242236025,0.7540229885057471,9.718291038520877e-05,0.7739448830643468,0.9926479317431905,0.7402710651440504
0.9,3,0.9747405052185059,0.9961262691882008,0.8049203526441863,0.9839679358717435,0.6099378881987577,0.7530674846625767,9.718291038520877e-05,0.7731404276018914,0.9922490592762182,0.7359365941696657
1.0,3,0.9789738655090332,0.996102208748376,0.8042931606998649,0.9819639278557114,0.6086956521739131,0.7515337423312883,0.00010933077418335986,0.7715501518337566,0.9920835163372546,0.7336995300495247
0.7,4,0.9527904391288757,0.995705211491266,0.7942520156588229,0.948,0.5888198757763975,0.7264367816091954,0.00031584445875192845,0.7453483854781277,0.9875206428800427,0.7068419919546528
0.9,4,0.9527904391288757,0.9956691208315288,0.7923886616215557,0.9476861167002012,0.5850931677018634,0.7235023041474654,0.00031584445875192845,0.7428469070548405,0.9866640147603336,0.7018790243053502
1.0,4,0.9561389088630676,0.9955247581925798,0.7886255099556271,0.9356136820925554,0.577639751552795,0.7142857142857143,0.00038873164154083507,0.7332861889329061,0.9862741513302402,0.6984583524902362
