system_id,scenario_id,scenario_version,partition,seed,threshold,sample_count,benign_count,attack_count,prevalence_attack,tn,fp,fn,tp
system_a_static_neural_v1,cicids2017_sudden_benign_v1,1,pre_drift,0,0.939024031162262,69260,65671,3589,0.051819231879872946,65615,56,1705,1884
system_a_static_neural_v1,cicids2017_sudden_benign_v1,1,pre_drift,1,0.9333740472793579,69260,65671,3589,0.051819231879872946,65612,59,1584,2005
system_a_static_neural_v1,cicids2017_sudden_benign_v1,1,pre_drift,2,0.9121250510215759,69260,65671,3589,0.051819231879872946,65606,65,1606,1983
system_a_static_neural_v1,cicids2017_sudden_benign_v1,1,pre_drift,3,0.9789621233940125,69260,65671,3589,0.051819231879872946,65669,2,1688,1901
system_a_static_neural_v1,cicids2017_sudden_benign_v1,1,pre_drift,4,0.954619288444519,69260,65671,3589,0.051819231879872946,65613,58,1717,1872
system_a_static_neural_v1,cicids2017_sudden_benign_v1,1,post_drift,0,0.939024031162262,69270,65697,3573,0.05158077089649199,65663,34,1473,2100
system_a_static_neural_v1,cicids2017_sudden_benign_v1,1,post_drift,1,0.9333740472793579,69270,65697,3573,0.05158077089649199,65663,34,1384,2189
system_a_static_neural_v1,cicids2017_sudden_benign_v1,1,post_drift,2,0.9121250510215759,69270,65697,3573,0.05158077089649199,65658,39,1411,2162
system_a_static_neural_v1,cicids2017_sudden_benign_v1,1,post_drift,3,0.9789621233940125,69270,65697,3573,0.05158077089649199,65686,11,1469,2104
system_a_static_neural_v1,cicids2017_sudden_benign_v1,1,post_drift,4,0.954619288444519,69270,65697,3573,0.05158077089649199,65662,35,1476,2097
