system_id,scenario_id,scenario_version,partition,metric,n_seeds,mean,std,ci95_low,ci95_high
system_b_static_neuro_symbolic_v2_corrected,cicids2017_sudden_benign_v1,1,pre_drift,accuracy,5,0.9767484839734333,0.0014193564622973936,0.9749861201535808,0.9785108477932858
system_b_static_neuro_symbolic_v2_corrected,cicids2017_sudden_benign_v1,1,pre_drift,balanced_accuracy,5,0.7800466215364474,0.012551121157400095,0.7644623462582102,0.7956308968146847
system_b_static_neuro_symbolic_v2_corrected,cicids2017_sudden_benign_v1,1,pre_drift,precision,5,0.9837444071370793,0.01419132562242712,0.9661235490249249,1.0013652652492337
system_b_static_neuro_symbolic_v2_corrected,cicids2017_sudden_benign_v1,1,pre_drift,recall,5,0.5606018389523545,0.025035569007290183,0.5295160742414563,0.5916876036632527
system_b_static_neuro_symbolic_v2_corrected,cicids2017_sudden_benign_v1,1,pre_drift,f1,5,0.7139424875700486,0.021355092128941603,0.6874266384952172,0.74045833664488
system_b_static_neuro_symbolic_v2_corrected,cicids2017_sudden_benign_v1,1,pre_drift,fpr,5,0.0005085958794597311,0.00044363832400006446,-4.225385567460584e-05,0.001059445614594068
system_b_static_neuro_symbolic_v2_corrected,cicids2017_sudden_benign_v1,1,pre_drift,mcc,5,0.7332446957584822,0.01876956431785994,0.7099392034830255,0.7565501880339388
system_b_static_neuro_symbolic_v2_corrected,cicids2017_sudden_benign_v1,1,pre_drift,roc_auc,5,0.9793263852873085,0.03676922406092815,0.9336713635289664,1.0249814070456507
system_b_static_neuro_symbolic_v2_corrected,cicids2017_sudden_benign_v1,1,pre_drift,average_precision,5,0.9024015621230118,0.09287882793963254,0.7870772652750082,1.0177258589710154
system_b_static_neuro_symbolic_v2_corrected,cicids2017_sudden_benign_v1,1,pre_drift,resolved_coverage,5,0.9622899220329195,0.015279246540011192,0.9433182316845082,0.9812616123813308
system_b_static_neuro_symbolic_v2_corrected,cicids2017_sudden_benign_v1,1,pre_drift,raw_activation_coverage,5,0.9622899220329195,0.015279246540011192,0.9433182316845082,0.9812616123813308
system_b_static_neuro_symbolic_v2_corrected,cicids2017_sudden_benign_v1,1,pre_drift,uncovered_rate,5,0.03771007796708057,0.0152792465400112,0.018738387618669236,0.056681768315491904
system_b_static_neuro_symbolic_v2_corrected,cicids2017_sudden_benign_v1,1,pre_drift,conflict_abstention_rate,5,0.0,0.0,0.0,0.0
system_b_static_neuro_symbolic_v2_corrected,cicids2017_sudden_benign_v1,1,pre_drift,symbolic_neural_fidelity,5,0.9979093407942523,0.0009713295308360073,0.9967032758854211,0.9991154057030835
system_b_static_neuro_symbolic_v2_corrected,cicids2017_sudden_benign_v1,1,pre_drift,benign_resolved_coverage,5,0.9814012273301763,0.009028092827556958,0.9701913694937572,0.9926110851665955
system_b_static_neuro_symbolic_v2_corrected,cicids2017_sudden_benign_v1,1,pre_drift,attack_resolved_coverage,5,0.6125940373363055,0.14768811337292323,0.4292150239985108,0.7959730506741001
system_b_static_neuro_symbolic_v2_corrected,cicids2017_sudden_benign_v1,1,pre_drift,benign_symbolic_correctness,5,0.9999906454382212,8.539535808828682e-06,0.999980042204046,1.0000012486723964
system_b_static_neuro_symbolic_v2_corrected,cicids2017_sudden_benign_v1,1,pre_drift,attack_symbolic_correctness,5,0.803328951073072,0.14885934614479468,0.6184956601689282,0.9881622419772158
system_b_static_neuro_symbolic_v2_corrected,cicids2017_sudden_benign_v1,1,pre_drift,benign_symbolic_neural_fidelity,5,0.9997573520891162,0.0003452677046212699,0.9993286456105456,1.000186058567687
system_b_static_neuro_symbolic_v2_corrected,cicids2017_sudden_benign_v1,1,pre_drift,attack_symbolic_neural_fidelity,5,0.9441754319589165,0.0231236173342415,0.9154636688067483,0.9728871951110847
system_b_static_neuro_symbolic_v2_corrected,cicids2017_sudden_benign_v1,1,post_drift,accuracy,5,0.9798989461527355,0.0009271071628339528,0.9787477905661678,0.9810501017393033
system_b_static_neuro_symbolic_v2_corrected,cicids2017_sudden_benign_v1,1,post_drift,balanced_accuracy,5,0.8074257710643117,0.008569924928311183,0.7967848038135187,0.8180667383151047
system_b_static_neuro_symbolic_v2_corrected,cicids2017_sudden_benign_v1,1,post_drift,precision,5,0.9922301034222676,0.005066740717523057,0.9859389138850861,0.998521292959449
system_b_static_neuro_symbolic_v2_corrected,cicids2017_sudden_benign_v1,1,post_drift,recall,5,0.6151133501259445,0.01710617773174105,0.5938732250895666,0.6363534751623223
system_b_static_neuro_symbolic_v2_corrected,cicids2017_sudden_benign_v1,1,post_drift,f1,5,0.7593263764659779,0.013452945148371243,0.7426223388054354,0.7760304141265204
system_b_static_neuro_symbolic_v2_corrected,cicids2017_sudden_benign_v1,1,post_drift,fpr,5,0.00026180799732103443,0.00016997603269730587,5.0754876963283915e-05,0.00047286111767878494
system_b_static_neuro_symbolic_v2_corrected,cicids2017_sudden_benign_v1,1,post_drift,mcc,5,0.77290532983124,0.011764700601691958,0.758297524644473,0.7875131350180071
system_b_static_neuro_symbolic_v2_corrected,cicids2017_sudden_benign_v1,1,post_drift,roc_auc,5,0.9751798907553694,0.010247683452125324,0.9624557111478769,0.9879040703628619
system_b_static_neuro_symbolic_v2_corrected,cicids2017_sudden_benign_v1,1,post_drift,average_precision,5,0.851189595186846,0.03855742962173574,0.8033142229622614,0.8990649674114306
system_b_static_neuro_symbolic_v2_corrected,cicids2017_sudden_benign_v1,1,post_drift,resolved_coverage,5,0.9573177421683269,0.01746839113650986,0.9356278697875808,0.9790076145490729
system_b_static_neuro_symbolic_v2_corrected,cicids2017_sudden_benign_v1,1,post_drift,raw_activation_coverage,5,0.9573177421683269,0.01746839113650986,0.9356278697875808,0.9790076145490729
system_b_static_neuro_symbolic_v2_corrected,cicids2017_sudden_benign_v1,1,post_drift,uncovered_rate,5,0.04268225783167316,0.017468391136509862,0.020992385450927135,0.06437213021241919
system_b_static_neuro_symbolic_v2_corrected,cicids2017_sudden_benign_v1,1,post_drift,conflict_abstention_rate,5,0.0,0.0,0.0,0.0
system_b_static_neuro_symbolic_v2_corrected,cicids2017_sudden_benign_v1,1,post_drift,symbolic_neural_fidelity,5,0.9983632970150189,0.0006508376906638909,0.9975551752858475,0.9991714187441904
system_b_static_neuro_symbolic_v2_corrected,cicids2017_sudden_benign_v1,1,post_drift,benign_resolved_coverage,5,0.9706166187192717,0.015377559418440162,0.9515228568091554,0.9897103806293881
system_b_static_neuro_symbolic_v2_corrected,cicids2017_sudden_benign_v1,1,post_drift,attack_resolved_coverage,5,0.712790372236216,0.10173194490609976,0.5864734787790631,0.8391072656933689
system_b_static_neuro_symbolic_v2_corrected,cicids2017_sudden_benign_v1,1,post_drift,benign_symbolic_correctness,5,1.0,0.0,1.0,1.0
system_b_static_neuro_symbolic_v2_corrected,cicids2017_sudden_benign_v1,1,post_drift,attack_symbolic_correctness,5,0.749527861938704,0.09076380716353552,0.6368297102438331,0.862226013633575
system_b_static_neuro_symbolic_v2_corrected,cicids2017_sudden_benign_v1,1,post_drift,benign_symbolic_neural_fidelity,5,0.9997633849794909,0.00014175451654791676,0.9995873734997106,0.9999393964592712
system_b_static_neuro_symbolic_v2_corrected,cicids2017_sudden_benign_v1,1,post_drift,attack_symbolic_neural_fidelity,5,0.9640595907556637,0.014699268865251731,0.9458080378057632,0.9823111437055643
