system_id,scenario_id,scenario_version,from_partition,to_partition,metric,n_seeds,mean_delta,std_delta,ci95_low,ci95_high
system_b_static_neuro_symbolic_v2_corrected,cicids2017_sudden_benign_v1,1,pre_drift,post_drift,accuracy,5,0.003150462179302216,0.0004989337244632153,0.002530954136146525,0.0037699702224579072
system_b_static_neuro_symbolic_v2_corrected,cicids2017_sudden_benign_v1,1,pre_drift,post_drift,balanced_accuracy,5,0.027379149527864376,0.004032805066639905,0.022371760664843872,0.03238653839088488
system_b_static_neuro_symbolic_v2_corrected,cicids2017_sudden_benign_v1,1,pre_drift,post_drift,precision,5,0.008485696285188294,0.009139983619682285,-0.002863092319543325,0.019834484889919915
system_b_static_neuro_symbolic_v2_corrected,cicids2017_sudden_benign_v1,1,pre_drift,post_drift,recall,5,0.05451151117359017,0.008056980043499374,0.0445074491193308,0.06451557322784954
system_b_static_neuro_symbolic_v2_corrected,cicids2017_sudden_benign_v1,1,pre_drift,post_drift,f1,5,0.04538388889592922,0.007916914383339458,0.03555374132927506,0.055214036462583375
system_b_static_neuro_symbolic_v2_corrected,cicids2017_sudden_benign_v1,1,pre_drift,post_drift,fpr,5,-0.00024678788213869666,0.000274456303728875,-0.0005875703935589182,9.399462928152497e-05
system_b_static_neuro_symbolic_v2_corrected,cicids2017_sudden_benign_v1,1,pre_drift,post_drift,mcc,5,0.03966063407275795,0.00708320512341947,0.030865673279115546,0.04845559486640036
system_b_static_neuro_symbolic_v2_corrected,cicids2017_sudden_benign_v1,1,pre_drift,post_drift,roc_auc,5,-0.004146494531939271,0.030114519023841484,-0.0415386086270656,0.03324561956318706
system_b_static_neuro_symbolic_v2_corrected,cicids2017_sudden_benign_v1,1,pre_drift,post_drift,average_precision,5,-0.05121196693616572,0.06112467989034353,-0.1271082813577349,0.024684347485403442
system_b_static_neuro_symbolic_v2_corrected,cicids2017_sudden_benign_v1,1,pre_drift,post_drift,resolved_coverage,5,-0.0049721798645925965,0.008207681714987083,-0.015163362758807385,0.0052190030296221926
system_b_static_neuro_symbolic_v2_corrected,cicids2017_sudden_benign_v1,1,pre_drift,post_drift,raw_activation_coverage,5,-0.0049721798645925965,0.008207681714987083,-0.015163362758807385,0.0052190030296221926
system_b_static_neuro_symbolic_v2_corrected,cicids2017_sudden_benign_v1,1,pre_drift,post_drift,uncovered_rate,5,0.0049721798645925965,0.008207681714987055,-0.005219003029622158,0.01516336275880735
system_b_static_neuro_symbolic_v2_corrected,cicids2017_sudden_benign_v1,1,pre_drift,post_drift,conflict_abstention_rate,5,0.0,0.0,0.0,0.0
system_b_static_neuro_symbolic_v2_corrected,cicids2017_sudden_benign_v1,1,pre_drift,post_drift,symbolic_neural_fidelity,5,0.0004539562207666714,0.00033331798387917526,4.0087280230036886e-05,0.000867825161303306
system_b_static_neuro_symbolic_v2_corrected,cicids2017_sudden_benign_v1,1,pre_drift,post_drift,benign_resolved_coverage,5,-0.010784608610904401,0.009014344240268113,-0.02197739532146078,0.00040817809965197627
system_b_static_neuro_symbolic_v2_corrected,cicids2017_sudden_benign_v1,1,pre_drift,post_drift,attack_resolved_coverage,5,0.10019633489991069,0.051300277755047585,0.036498626913614676,0.16389404288620668
system_b_static_neuro_symbolic_v2_corrected,cicids2017_sudden_benign_v1,1,pre_drift,post_drift,benign_symbolic_correctness,5,9.35456177864058e-06,8.539535808828682e-06,-1.2486723965538569e-06,1.9957795953835017e-05
system_b_static_neuro_symbolic_v2_corrected,cicids2017_sudden_benign_v1,1,pre_drift,post_drift,attack_symbolic_correctness,5,-0.053801089134367874,0.05947400530213565,-0.1276478203470095,0.02004564207827375
system_b_static_neuro_symbolic_v2_corrected,cicids2017_sudden_benign_v1,1,pre_drift,post_drift,benign_symbolic_neural_fidelity,5,6.03289037452992e-06,0.00021965352610951928,-0.0002667029850741707,0.0002787687658232305
system_b_static_neuro_symbolic_v2_corrected,cicids2017_sudden_benign_v1,1,pre_drift,post_drift,attack_symbolic_neural_fidelity,5,0.019884158796747143,0.009684949418003639,0.007858705779987527,0.03190961181350676
