system_id,scenario_id,partition,seed,threshold,neural_weight,sample_count,benign_count,attack_count,attack_prevalence,tn,fp,fn,tp,accuracy,balanced_accuracy,precision,recall,f1,fpr,mcc,roc_auc,average_precision,resolved_coverage,raw_activation_coverage,uncovered_rate,conflict_abstention_rate,symbolic_neural_fidelity,benign_resolved_coverage,benign_symbolic_correctness,benign_symbolic_neural_fidelity,attack_resolved_coverage,attack_symbolic_correctness,attack_symbolic_neural_fidelity
system_b_static_neuro_symbolic_v2_corrected,cicids2017_sudden_benign_v1,pre_drift,0,0.692427396774292,0.5,69260,65671,3589,0.051819231879872946,65669,2,1465,2124,0.9788189431129078,0.795888924152714,0.9990592662276576,0.5918083031485093,0.7433070866141732,3.0454843081421025e-05,0.7604652196957679,0.9925567820430167,0.9101221098162924,0.9891423621137742,0.9891423621137742,0.010857637886225817,0.0,0.9971244234250014,0.9971829270149686,1.0,0.999144855388938,0.8420172750069658,0.5383851753805426,0.9533421575115817
system_b_static_neuro_symbolic_v2_corrected,cicids2017_sudden_benign_v1,pre_drift,1,0.9354645609855652,0.5,69260,65671,3589,0.051819231879872946,65617,54,1530,2059,0.9771296563673115,0.7864375639928785,0.9744439185991481,0.5736974087489551,0.7222027358821466,0.0008222807631983677,0.7383639010599877,0.996142243701971,0.9479259146674242,0.9599624602945424,0.9599624602945424,0.040037539705457696,0.0,0.9968114067411674,0.9751488480455605,0.9999843845156857,0.9999063070941145,0.6820841460016718,0.8954248366013072,0.9158496732026143
system_b_static_neuro_symbolic_v2_corrected,cicids2017_sudden_benign_v1,pre_drift,2,0.8299936652183533,0.5,69260,65671,3589,0.051819231879872946,65615,56,1553,2036,0.9767686976609876,0.7832181014083397,0.9732313575525813,0.567288938422959,0.7167752156310508,0.0008527356062797886,0.7336053639776725,0.913639857411426,0.7399247748660461,0.9555876407738955,0.9555876407738955,0.044412359226104536,0.0,0.9991689834401064,0.9797627567723958,1.0,0.9998445805228311,0.513234884368905,0.8615635179153095,0.9755700325732899
system_b_static_neuro_symbolic_v2_corrected,cicids2017_sudden_benign_v1,pre_drift,3,0.9747405052185059,0.5,69260,65671,3589,0.051819231879872946,65670,1,1658,1931,0.9760467802483396,0.7690088254087615,0.9994824016563147,0.5380328782390638,0.6995109581597536,1.5227421540710512e-05,0.7242168912373477,0.9967912780723658,0.9548583138571857,0.9520358071036673,0.9520358071036673,0.04796419289633266,0.0,0.998513755345931,0.9760320384949217,0.9999843986458025,0.9999687972916049,0.5129562552242964,0.8609451385116784,0.9478544269418794
system_b_static_neuro_symbolic_v2_corrected,cicids2017_sudden_benign_v1,pre_drift,4,0.9527904391288757,0.5,69260,65671,3589,0.051819231879872946,65617,54,1679,1910,0.9749783424776206,0.7656796927195433,0.9725050916496945,0.5321816662022848,0.687916441563119,0.0008222807631983677,0.709572102821635,0.9975017652077635,0.9591766974081105,0.9547213398787179,0.9547213398787179,0.04527866012128213,0.0,0.9979281350190551,0.9788795663230345,0.9999844440296186,0.9999222201480928,0.5126776260796879,0.8603260869565217,0.9282608695652174
system_b_static_neuro_symbolic_v2_corrected,cicids2017_sudden_benign_v1,post_drift,0,0.692427396774292,0.5,69270,65697,3573,0.05158077089649199,65691,6,1295,2278,0.9812184206727299,0.8187340727301777,0.9973730297723292,0.6375594738315141,0.7778726310397814,9.132837115850038e-05,0.789601005469884,0.9672551919218346,0.8310716404268792,0.9844665800490833,0.9844665800490833,0.015533419950916703,0.0,0.9979177053699739,0.9917043396197696,1.0,0.9995395383104125,0.8513853904282116,0.5907297830374754,0.9631821170282708
system_b_static_neuro_symbolic_v2_corrected,cicids2017_sudden_benign_v1,post_drift,1,0.9354645609855652,0.5,69270,65697,3573,0.05158077089649199,65672,25,1349,2224,0.9801645734084019,0.8110327944128712,0.9888839484215207,0.6224461237055695,0.7639986259017519,0.00038053487982708497,0.776292295018923,0.9764520756246796,0.8549173714613768,0.9501082719792118,0.9501082719792118,0.04989172802078822,0.0,0.9976296836539338,0.9586891334459716,1.0,0.9998571042979851,0.792331374195354,0.8219710349699753,0.9480748851995762
system_b_static_neuro_symbolic_v2_corrected,cicids2017_sudden_benign_v1,post_drift,2,0.8299936652183533,0.5,69270,65697,3573,0.05158077089649199,65672,25,1360,2213,0.9800057745055579,0.8094934717148583,0.9888293118856122,0.6193674783095438,0.7616589227327483,0.00038053487982708497,0.7742828425988982,0.9624387812248891,0.7967332299372288,0.9647466435686445,0.9647466435686445,0.03525335643135556,0.0,0.9992518106183037,0.9823736243664094,1.0,0.9997056043632532,0.6406381192275399,0.7780690257754478,0.9864569681083443
system_b_static_neuro_symbolic_v2_corrected,cicids2017_sudden_benign_v1,post_drift,3,0.9747405052185059,0.5,69270,65697,3573,0.05158077089649199,65693,4,1426,2147,0.9793561426302873,0.8004173601763085,0.99814039981404,0.6008956059333893,0.7501747030048916,6.088558077233359e-05,0.7661280346632177,0.9832567379350452,0.8814669463076906,0.9426735960733362,0.9426735960733362,0.05732640392666378,0.0,0.9987595522136633,0.9591762180921504,1.0,0.9998730461001349,0.6392387349566191,0.7793345008756567,0.9680385288966725
system_b_static_neuro_symbolic_v2_corrected,cicids2017_sudden_benign_v1,post_drift,4,0.9527904391288757,0.5,69270,65697,3573,0.05158077089649199,65671,26,1446,2127,0.9787498195467013,0.797451156287343,0.9879238272178356,0.5952980688497062,0.7429269996507161,0.00039575627502016835,0.7582224714052775,0.986496667070398,0.8917587878010548,0.9445936191713584,0.9445936191713584,0.05540638082864155,0.0,0.99825773321922,0.9611397780720581,1.0,0.9998416318256683,0.6403582423733557,0.777534965034965,0.9545454545454546
