system_id,scenario_id,scenario_version,from_partition,to_partition,seed,metric,delta
system_b_static_neuro_symbolic_v2_corrected,cicids2017_sudden_benign_v1,1,pre_drift,post_drift,0,accuracy,0.002399477559822061
system_b_static_neuro_symbolic_v2_corrected,cicids2017_sudden_benign_v1,1,pre_drift,post_drift,1,accuracy,0.003034917041090379
system_b_static_neuro_symbolic_v2_corrected,cicids2017_sudden_benign_v1,1,pre_drift,post_drift,2,accuracy,0.003237076844570308
system_b_static_neuro_symbolic_v2_corrected,cicids2017_sudden_benign_v1,1,pre_drift,post_drift,3,accuracy,0.003309362381947678
system_b_static_neuro_symbolic_v2_corrected,cicids2017_sudden_benign_v1,1,pre_drift,post_drift,4,accuracy,0.003771477069080653
system_b_static_neuro_symbolic_v2_corrected,cicids2017_sudden_benign_v1,1,pre_drift,post_drift,0,balanced_accuracy,0.02284514857746378
system_b_static_neuro_symbolic_v2_corrected,cicids2017_sudden_benign_v1,1,pre_drift,post_drift,1,balanced_accuracy,0.024595230419992786
system_b_static_neuro_symbolic_v2_corrected,cicids2017_sudden_benign_v1,1,pre_drift,post_drift,2,balanced_accuracy,0.02627537030651861
system_b_static_neuro_symbolic_v2_corrected,cicids2017_sudden_benign_v1,1,pre_drift,post_drift,3,balanced_accuracy,0.031408534767547014
system_b_static_neuro_symbolic_v2_corrected,cicids2017_sudden_benign_v1,1,pre_drift,post_drift,4,balanced_accuracy,0.031771463567799696
system_b_static_neuro_symbolic_v2_corrected,cicids2017_sudden_benign_v1,1,pre_drift,post_drift,0,precision,-0.0016862364553283937
system_b_static_neuro_symbolic_v2_corrected,cicids2017_sudden_benign_v1,1,pre_drift,post_drift,1,precision,0.01444002982237258
system_b_static_neuro_symbolic_v2_corrected,cicids2017_sudden_benign_v1,1,pre_drift,post_drift,2,precision,0.015597954333030906
system_b_static_neuro_symbolic_v2_corrected,cicids2017_sudden_benign_v1,1,pre_drift,post_drift,3,precision,-0.0013420018422747315
system_b_static_neuro_symbolic_v2_corrected,cicids2017_sudden_benign_v1,1,pre_drift,post_drift,4,precision,0.015418735568141106
system_b_static_neuro_symbolic_v2_corrected,cicids2017_sudden_benign_v1,1,pre_drift,post_drift,0,recall,0.04575117068300483
system_b_static_neuro_symbolic_v2_corrected,cicids2017_sudden_benign_v1,1,pre_drift,post_drift,1,recall,0.04874871495661437
system_b_static_neuro_symbolic_v2_corrected,cicids2017_sudden_benign_v1,1,pre_drift,post_drift,2,recall,0.05207853988658473
system_b_static_neuro_symbolic_v2_corrected,cicids2017_sudden_benign_v1,1,pre_drift,post_drift,3,recall,0.06286272769432555
system_b_static_neuro_symbolic_v2_corrected,cicids2017_sudden_benign_v1,1,pre_drift,post_drift,4,recall,0.06311640264742135
system_b_static_neuro_symbolic_v2_corrected,cicids2017_sudden_benign_v1,1,pre_drift,post_drift,0,f1,0.03456554442560822
system_b_static_neuro_symbolic_v2_corrected,cicids2017_sudden_benign_v1,1,pre_drift,post_drift,1,f1,0.041795890019605375
system_b_static_neuro_symbolic_v2_corrected,cicids2017_sudden_benign_v1,1,pre_drift,post_drift,2,f1,0.04488370710169742
system_b_static_neuro_symbolic_v2_corrected,cicids2017_sudden_benign_v1,1,pre_drift,post_drift,3,f1,0.050663744845138026
system_b_static_neuro_symbolic_v2_corrected,cicids2017_sudden_benign_v1,1,pre_drift,post_drift,4,f1,0.05501055808759703
system_b_static_neuro_symbolic_v2_corrected,cicids2017_sudden_benign_v1,1,pre_drift,post_drift,0,fpr,6.087352807707936e-05
system_b_static_neuro_symbolic_v2_corrected,cicids2017_sudden_benign_v1,1,pre_drift,post_drift,1,fpr,-0.0004417458833712827
system_b_static_neuro_symbolic_v2_corrected,cicids2017_sudden_benign_v1,1,pre_drift,post_drift,2,fpr,-0.00047220072645270364
system_b_static_neuro_symbolic_v2_corrected,cicids2017_sudden_benign_v1,1,pre_drift,post_drift,3,fpr,4.5658159231623074e-05
system_b_static_neuro_symbolic_v2_corrected,cicids2017_sudden_benign_v1,1,pre_drift,post_drift,4,fpr,-0.0004265244881781993
system_b_static_neuro_symbolic_v2_corrected,cicids2017_sudden_benign_v1,1,pre_drift,post_drift,0,mcc,0.02913578577411613
system_b_static_neuro_symbolic_v2_corrected,cicids2017_sudden_benign_v1,1,pre_drift,post_drift,1,mcc,0.037928393958935325
system_b_static_neuro_symbolic_v2_corrected,cicids2017_sudden_benign_v1,1,pre_drift,post_drift,2,mcc,0.04067747862122573
system_b_static_neuro_symbolic_v2_corrected,cicids2017_sudden_benign_v1,1,pre_drift,post_drift,3,mcc,0.04191114342586999
system_b_static_neuro_symbolic_v2_corrected,cicids2017_sudden_benign_v1,1,pre_drift,post_drift,4,mcc,0.04865036858364258
system_b_static_neuro_symbolic_v2_corrected,cicids2017_sudden_benign_v1,1,pre_drift,post_drift,0,roc_auc,-0.02530159012118205
system_b_static_neuro_symbolic_v2_corrected,cicids2017_sudden_benign_v1,1,pre_drift,post_drift,1,roc_auc,-0.019690168077291403
system_b_static_neuro_symbolic_v2_corrected,cicids2017_sudden_benign_v1,1,pre_drift,post_drift,2,roc_auc,0.04879892381346318
system_b_static_neuro_symbolic_v2_corrected,cicids2017_sudden_benign_v1,1,pre_drift,post_drift,3,roc_auc,-0.013534540137320583
system_b_static_neuro_symbolic_v2_corrected,cicids2017_sudden_benign_v1,1,pre_drift,post_drift,4,roc_auc,-0.011005098137365499
system_b_static_neuro_symbolic_v2_corrected,cicids2017_sudden_benign_v1,1,pre_drift,post_drift,0,average_precision,-0.07905046938941318
system_b_static_neuro_symbolic_v2_corrected,cicids2017_sudden_benign_v1,1,pre_drift,post_drift,1,average_precision,-0.09300854320604734
system_b_static_neuro_symbolic_v2_corrected,cicids2017_sudden_benign_v1,1,pre_drift,post_drift,2,average_precision,0.056808455071182706
system_b_static_neuro_symbolic_v2_corrected,cicids2017_sudden_benign_v1,1,pre_drift,post_drift,3,average_precision,-0.07339136754949505
system_b_static_neuro_symbolic_v2_corrected,cicids2017_sudden_benign_v1,1,pre_drift,post_drift,4,average_precision,-0.06741790960705574
system_b_static_neuro_symbolic_v2_corrected,cicids2017_sudden_benign_v1,1,pre_drift,post_drift,0,resolved_coverage,-0.004675782064690881
system_b_static_neuro_symbolic_v2_corrected,cicids2017_sudden_benign_v1,1,pre_drift,post_drift,1,resolved_coverage,-0.009854188315330581
system_b_static_neuro_symbolic_v2_corrected,cicids2017_sudden_benign_v1,1,pre_drift,post_drift,2,resolved_coverage,0.009159002794749016
system_b_static_neuro_symbolic_v2_corrected,cicids2017_sudden_benign_v1,1,pre_drift,post_drift,3,resolved_coverage,-0.00936221103033108
system_b_static_neuro_symbolic_v2_corrected,cicids2017_sudden_benign_v1,1,pre_drift,post_drift,4,resolved_coverage,-0.010127720707359456
system_b_static_neuro_symbolic_v2_corrected,cicids2017_sudden_benign_v1,1,pre_drift,post_drift,0,raw_activation_coverage,-0.004675782064690881
system_b_static_neuro_symbolic_v2_corrected,cicids2017_sudden_benign_v1,1,pre_drift,post_drift,1,raw_activation_coverage,-0.009854188315330581
system_b_static_neuro_symbolic_v2_corrected,cicids2017_sudden_benign_v1,1,pre_drift,post_drift,2,raw_activation_coverage,0.009159002794749016
system_b_static_neuro_symbolic_v2_corrected,cicids2017_sudden_benign_v1,1,pre_drift,post_drift,3,raw_activation_coverage,-0.00936221103033108
system_b_static_neuro_symbolic_v2_corrected,cicids2017_sudden_benign_v1,1,pre_drift,post_drift,4,raw_activation_coverage,-0.010127720707359456
system_b_static_neuro_symbolic_v2_corrected,cicids2017_sudden_benign_v1,1,pre_drift,post_drift,0,uncovered_rate,0.004675782064690886
system_b_static_neuro_symbolic_v2_corrected,cicids2017_sudden_benign_v1,1,pre_drift,post_drift,1,uncovered_rate,0.009854188315330525
system_b_static_neuro_symbolic_v2_corrected,cicids2017_sudden_benign_v1,1,pre_drift,post_drift,2,uncovered_rate,-0.009159002794748974
system_b_static_neuro_symbolic_v2_corrected,cicids2017_sudden_benign_v1,1,pre_drift,post_drift,3,uncovered_rate,0.009362211030331122
system_b_static_neuro_symbolic_v2_corrected,cicids2017_sudden_benign_v1,1,pre_drift,post_drift,4,uncovered_rate,0.01012772070735942
system_b_static_neuro_symbolic_v2_corrected,cicids2017_sudden_benign_v1,1,pre_drift,post_drift,0,conflict_abstention_rate,0.0
system_b_static_neuro_symbolic_v2_corrected,cicids2017_sudden_benign_v1,1,pre_drift,post_drift,1,conflict_abstention_rate,0.0
system_b_static_neuro_symbolic_v2_corrected,cicids2017_sudden_benign_v1,1,pre_drift,post_drift,2,conflict_abstention_rate,0.0
system_b_static_neuro_symbolic_v2_corrected,cicids2017_sudden_benign_v1,1,pre_drift,post_drift,3,conflict_abstention_rate,0.0
system_b_static_neuro_symbolic_v2_corrected,cicids2017_sudden_benign_v1,1,pre_drift,post_drift,4,conflict_abstention_rate,0.0
system_b_static_neuro_symbolic_v2_corrected,cicids2017_sudden_benign_v1,1,pre_drift,post_drift,0,symbolic_neural_fidelity,0.0007932819449725237
system_b_static_neuro_symbolic_v2_corrected,cicids2017_sudden_benign_v1,1,pre_drift,post_drift,1,symbolic_neural_fidelity,0.0008182769127663692
system_b_static_neuro_symbolic_v2_corrected,cicids2017_sudden_benign_v1,1,pre_drift,post_drift,2,symbolic_neural_fidelity,8.282717819729779e-05
system_b_static_neuro_symbolic_v2_corrected,cicids2017_sudden_benign_v1,1,pre_drift,post_drift,3,symbolic_neural_fidelity,0.00024579686773229525
system_b_static_neuro_symbolic_v2_corrected,cicids2017_sudden_benign_v1,1,pre_drift,post_drift,4,symbolic_neural_fidelity,0.0003295982001648712
system_b_static_neuro_symbolic_v2_corrected,cicids2017_sudden_benign_v1,1,pre_drift,post_drift,0,benign_resolved_coverage,-0.005478587395199019
system_b_static_neuro_symbolic_v2_corrected,cicids2017_sudden_benign_v1,1,pre_drift,post_drift,1,benign_resolved_coverage,-0.016459714599588837
system_b_static_neuro_symbolic_v2_corrected,cicids2017_sudden_benign_v1,1,pre_drift,post_drift,2,benign_resolved_coverage,0.0026108675940136328
system_b_static_neuro_symbolic_v2_corrected,cicids2017_sudden_benign_v1,1,pre_drift,post_drift,3,benign_resolved_coverage,-0.016855820402771338
system_b_static_neuro_symbolic_v2_corrected,cicids2017_sudden_benign_v1,1,pre_drift,post_drift,4,benign_resolved_coverage,-0.01773978825097644
system_b_static_neuro_symbolic_v2_corrected,cicids2017_sudden_benign_v1,1,pre_drift,post_drift,0,attack_resolved_coverage,0.009368115421245826
system_b_static_neuro_symbolic_v2_corrected,cicids2017_sudden_benign_v1,1,pre_drift,post_drift,1,attack_resolved_coverage,0.11024722819368227
system_b_static_neuro_symbolic_v2_corrected,cicids2017_sudden_benign_v1,1,pre_drift,post_drift,2,attack_resolved_coverage,0.12740323485863492
system_b_static_neuro_symbolic_v2_corrected,cicids2017_sudden_benign_v1,1,pre_drift,post_drift,3,attack_resolved_coverage,0.12628247973232265
system_b_static_neuro_symbolic_v2_corrected,cicids2017_sudden_benign_v1,1,pre_drift,post_drift,4,attack_resolved_coverage,0.12768061629366778
system_b_static_neuro_symbolic_v2_corrected,cicids2017_sudden_benign_v1,1,pre_drift,post_drift,0,benign_symbolic_correctness,0.0
system_b_static_neuro_symbolic_v2_corrected,cicids2017_sudden_benign_v1,1,pre_drift,post_drift,1,benign_symbolic_correctness,1.5615484314279726e-05
system_b_static_neuro_symbolic_v2_corrected,cicids2017_sudden_benign_v1,1,pre_drift,post_drift,2,benign_symbolic_correctness,0.0
system_b_static_neuro_symbolic_v2_corrected,cicids2017_sudden_benign_v1,1,pre_drift,post_drift,3,benign_symbolic_correctness,1.5601354197536388e-05
system_b_static_neuro_symbolic_v2_corrected,cicids2017_sudden_benign_v1,1,pre_drift,post_drift,4,benign_symbolic_correctness,1.5555970381386786e-05
system_b_static_neuro_symbolic_v2_corrected,cicids2017_sudden_benign_v1,1,pre_drift,post_drift,0,attack_symbolic_correctness,0.05234460765693272
system_b_static_neuro_symbolic_v2_corrected,cicids2017_sudden_benign_v1,1,pre_drift,post_drift,1,attack_symbolic_correctness,-0.07345380163133197
system_b_static_neuro_symbolic_v2_corrected,cicids2017_sudden_benign_v1,1,pre_drift,post_drift,2,attack_symbolic_correctness,-0.08349449213986171
system_b_static_neuro_symbolic_v2_corrected,cicids2017_sudden_benign_v1,1,pre_drift,post_drift,3,attack_symbolic_correctness,-0.08161063763602172
system_b_static_neuro_symbolic_v2_corrected,cicids2017_sudden_benign_v1,1,pre_drift,post_drift,4,attack_symbolic_correctness,-0.08279112192155669
system_b_static_neuro_symbolic_v2_corrected,cicids2017_sudden_benign_v1,1,pre_drift,post_drift,0,benign_symbolic_neural_fidelity,0.00039468292147448736
system_b_static_neuro_symbolic_v2_corrected,cicids2017_sudden_benign_v1,1,pre_drift,post_drift,1,benign_symbolic_neural_fidelity,-4.9202796129410586e-05
system_b_static_neuro_symbolic_v2_corrected,cicids2017_sudden_benign_v1,1,pre_drift,post_drift,2,benign_symbolic_neural_fidelity,-0.0001389761595779193
system_b_static_neuro_symbolic_v2_corrected,cicids2017_sudden_benign_v1,1,pre_drift,post_drift,3,benign_symbolic_neural_fidelity,-9.575119146998379e-05
system_b_static_neuro_symbolic_v2_corrected,cicids2017_sudden_benign_v1,1,pre_drift,post_drift,4,benign_symbolic_neural_fidelity,-8.058832242452407e-05
system_b_static_neuro_symbolic_v2_corrected,cicids2017_sudden_benign_v1,1,pre_drift,post_drift,0,attack_symbolic_neural_fidelity,0.009839959516689145
system_b_static_neuro_symbolic_v2_corrected,cicids2017_sudden_benign_v1,1,pre_drift,post_drift,1,attack_symbolic_neural_fidelity,0.03222521199696182
system_b_static_neuro_symbolic_v2_corrected,cicids2017_sudden_benign_v1,1,pre_drift,post_drift,2,attack_symbolic_neural_fidelity,0.010886935535054376
system_b_static_neuro_symbolic_v2_corrected,cicids2017_sudden_benign_v1,1,pre_drift,post_drift,3,attack_symbolic_neural_fidelity,0.020184101954793143
system_b_static_neuro_symbolic_v2_corrected,cicids2017_sudden_benign_v1,1,pre_drift,post_drift,4,attack_symbolic_neural_fidelity,0.026284584980237224
