system_id,scenario_id,scenario_version,seed,rule_id,consequent,complexity,pre_gate_pass,post_gate_pass,gate_transition,pre_support,post_support,delta_support,pre_covered_count,post_covered_count,delta_covered_count,pre_class_precision,post_class_precision,delta_class_precision,pre_neural_fidelity,post_neural_fidelity,delta_neural_fidelity,pre_stability,post_stability,delta_stability,pre_activation_rate,post_activation_rate,delta_activation_rate
system_b_static_neuro_symbolic_v2_corrected,cicids2017_sudden_benign_v1,1,0,r0-s0-26839f4140ffb321,0,3,True,True,pass_to_pass,0.018394455674270862,0.03636494875126317,0.01797049307699231,1274.0,2519.0,1245.0,1.0,1.0,0.0,1.0,1.0,0.0,1.0,1.0,0.0,0.018394455674270862,0.03636494875126317,0.01797049307699231
system_b_static_neuro_symbolic_v2_corrected,cicids2017_sudden_benign_v1,1,0,r0-s0-591df9f6c6fa8951,0,4,False,True,fail_to_pass,0.0,0.0026707088205572397,0.0026707088205572397,0.0,185.0,185.0,0.0,1.0,1.0,0.0,1.0,1.0,0.0,1.0,1.0,0.0,0.0026707088205572397,0.0026707088205572397
system_b_static_neuro_symbolic_v2_corrected,cicids2017_sudden_benign_v1,1,0,r0-s0-620330157f0b221e,0,4,True,True,pass_to_pass,0.01673404562518048,0.011159231990760791,-0.005574813634419688,1159.0,773.0,-386.0,1.0,1.0,0.0,1.0,0.9948253557567918,-0.005174644243208237,1.0,1.0,0.0,0.01673404562518048,0.011159231990760791,-0.005574813634419688
system_b_static_neuro_symbolic_v2_corrected,cicids2017_sudden_benign_v1,1,0,r0-s0-aa4b5a66d01c2c72,0,4,True,True,pass_to_pass,0.9226248917123882,0.8718348491410423,-0.050790042571345895,63901.0,60392.0,-3509.0,0.9793117478599709,0.9840707378460724,0.0047589899861014695,0.9999374031705294,0.99993376606173,-3.63710879935919e-06,1.0,1.0,0.0,0.9226248917123882,0.8718348491410423,-0.050790042571345895
system_b_static_neuro_symbolic_v2_corrected,cicids2017_sudden_benign_v1,1,0,r0-s0-df4c314d6f7d172c,0,3,False,False,fail_to_fail,5.775339301183944e-05,0.0012703912227515519,0.0012126378297397124,4.0,88.0,84.0,1.0,1.0,0.0,1.0,0.9886363636363636,-0.011363636363636354,0.0,0.11,0.11,5.775339301183944e-05,0.0012703912227515519,0.0012126378297397124
system_b_static_neuro_symbolic_v2_corrected,cicids2017_sudden_benign_v1,1,0,r0-s0-f2cc4ffd2bf03db1,1,3,True,True,pass_to_pass,0.023491192607565693,0.025941966219142486,0.0024507736115767925,1627.0,1797.0,170.0,1.0,1.0,0.0,0.915181315304241,0.9404563160823595,0.025275000778118506,0.98,1.0,0.020000000000000018,0.023491192607565693,0.025941966219142486,0.0024507736115767925
system_b_static_neuro_symbolic_v2_corrected,cicids2017_sudden_benign_v1,1,0,r0-s0-f8822e4be9f72a44,0,4,False,True,fail_to_pass,0.007840023101357205,0.03522448390356576,0.027384460802208552,543.0,2440.0,1897.0,0.8655616942909761,0.884016393442623,0.01845469915164688,0.8987108655616943,0.989344262295082,0.09063339673338766,0.45,1.0,0.55,0.007840023101357205,0.03522448390356576,0.027384460802208552
system_b_static_neuro_symbolic_v2_corrected,cicids2017_sudden_benign_v1,1,1,r0-s1-0890152daf045f4d,0,4,True,True,pass_to_pass,0.12707190297429974,0.07861989317164718,-0.04845200980265256,8801.0,5446.0,-3355.0,1.0,1.0,0.0,0.999772753096239,0.9987146529562982,-0.0010581001399407874,1.0,1.0,0.0,0.12707190297429974,0.07861989317164718,-0.04845200980265256
system_b_static_neuro_symbolic_v2_corrected,cicids2017_sudden_benign_v1,1,1,r0-s1-2826ffef116c9676,1,3,False,False,fail_to_fail,0.008749639041293677,0.007896636350512487,-0.0008530026907811895,606.0,547.0,-59.0,1.0,1.0,0.0,0.7788778877887789,0.7915904936014625,0.01271260581268363,0.0,0.0,0.0,0.008749639041293677,0.007896636350512487,-0.0008530026907811895
system_b_static_neuro_symbolic_v2_corrected,cicids2017_sudden_benign_v1,1,1,r0-s1-53f619d047b09df9,0,4,True,True,pass_to_pass,0.8011983829049957,0.8343871805976614,0.033188797692665695,55491.0,57798.0,2307.0,0.9953866392748374,0.9912799750856431,-0.0041066641891942535,0.999783748716008,0.9999307934530607,0.00014704473705273724,1.0,1.0,0.0,0.8011983829049957,0.8343871805976614,0.033188797692665695
system_b_static_neuro_symbolic_v2_corrected,cicids2017_sudden_benign_v1,1,1,r0-s1-559c8b45c52dd8e0,0,2,False,False,fail_to_fail,2.887669650591972e-05,0.000837303305904432,0.0008084266093985122,2.0,58.0,56.0,1.0,1.0,0.0,1.0,1.0,0.0,0.0,0.0,0.0,2.887669650591972e-05,0.000837303305904432,0.0008084266093985122
system_b_static_neuro_symbolic_v2_corrected,cicids2017_sudden_benign_v1,1,1,r0-s1-6f9ae0317f17ee29,1,4,True,True,pass_to_pass,0.0229136586774473,0.02569654973292912,0.0027828910554818197,1587.0,1780.0,193.0,0.9993698802772527,1.0,0.000630119722747291,0.9596723377441714,0.9825842696629213,0.02291193191874996,1.0,1.0,0.0,0.0229136586774473,0.02569654973292912,0.0027828910554818197
system_b_static_neuro_symbolic_v2_corrected,cicids2017_sudden_benign_v1,1,1,r0-s1-9603784d9163cfef,0,4,False,True,fail_to_pass,0.0,0.0026707088205572397,0.0026707088205572397,0.0,185.0,185.0,0.0,1.0,1.0,0.0,1.0,1.0,0.0,1.0,1.0,0.0,0.0026707088205572397,0.0026707088205572397
system_b_static_neuro_symbolic_v2_corrected,cicids2017_sudden_benign_v1,1,2,r0-s2-308ae20b031294e5,0,4,True,True,pass_to_pass,0.7996967946866879,0.8157788364371301,0.016082041750442255,55387.0,56509.0,1122.0,0.9954140863379494,0.9910987630288981,-0.004315323309051267,0.9998375069962265,0.9999115185191739,7.401152294739255e-05,1.0,1.0,0.0,0.7996967946866879,0.8157788364371301,0.016082041750442255
system_b_static_neuro_symbolic_v2_corrected,cicids2017_sudden_benign_v1,1,2,r0-s2-3151baf23ddac905,0,4,False,True,fail_to_pass,0.0007507941091539128,0.020600548578028007,0.019849754468874093,52.0,1427.0,1375.0,1.0,1.0,0.0,0.8461538461538461,0.9971969166082691,0.151043070454423,0.0,1.0,1.0,0.0007507941091539128,0.020600548578028007,0.019849754468874093
system_b_static_neuro_symbolic_v2_corrected,cicids2017_sudden_benign_v1,1,2,r0-s2-339d2c93c87954a6,1,3,True,True,pass_to_pass,0.0229136586774473,0.02571098599682402,0.0027973273193767217,1587.0,1781.0,194.0,1.0,1.0,0.0,0.9773156899810964,0.987085906793936,0.009770216812839627,1.0,1.0,0.0,0.0229136586774473,0.02571098599682402,0.0027973273193767217
system_b_static_neuro_symbolic_v2_corrected,cicids2017_sudden_benign_v1,1,2,r0-s2-3ef521c3c5d64201,0,4,False,True,fail_to_pass,0.0,0.0026707088205572397,0.0026707088205572397,0.0,185.0,185.0,0.0,1.0,1.0,0.0,1.0,1.0,0.0,1.0,1.0,0.0,0.0026707088205572397,0.0026707088205572397
system_b_static_neuro_symbolic_v2_corrected,cicids2017_sudden_benign_v1,1,2,r0-s2-9e298cf758ee7460,0,3,False,False,fail_to_fail,5.775339301183944e-05,0.0012703912227515519,0.0012126378297397124,4.0,88.0,84.0,1.0,1.0,0.0,1.0,1.0,0.0,0.0,0.11,0.11,5.775339301183944e-05,0.0012703912227515519,0.0012126378297397124
system_b_static_neuro_symbolic_v2_corrected,cicids2017_sudden_benign_v1,1,2,r0-s2-ebe3f52b21c3dbcf,0,4,True,True,pass_to_pass,0.12609009529309848,0.07779702612963765,-0.04829306916346082,8733.0,5389.0,-3344.0,1.0,1.0,0.0,0.9998854918126646,0.9983299313416218,-0.0015555604710427717,1.0,1.0,0.0,0.12609009529309848,0.07779702612963765,-0.04829306916346082
system_b_static_neuro_symbolic_v2_corrected,cicids2017_sudden_benign_v1,1,2,r0-s2-f0249e5137b511d8,0,4,True,True,pass_to_pass,0.0060785446144961015,0.020918146383715894,0.014839601769219793,421.0,1449.0,1028.0,0.997624703087886,0.9965493443754313,-0.001075358712454677,0.997624703087886,0.9937888198757764,-0.003835883212109592,1.0,1.0,0.0,0.0060785446144961015,0.020918146383715894,0.014839601769219793
system_b_static_neuro_symbolic_v2_corrected,cicids2017_sudden_benign_v1,1,3,r0-s3-547997da8a60d2d9,0,4,True,True,pass_to_pass,0.8011983829049957,0.8343871805976614,0.033188797692665695,55491.0,57798.0,2307.0,0.9953866392748374,0.9912799750856431,-0.0041066641891942535,0.9999819790596673,0.9999653967265303,-1.65823331370607e-05,1.0,1.0,0.0,0.8011983829049957,0.8343871805976614,0.033188797692665695
system_b_static_neuro_symbolic_v2_corrected,cicids2017_sudden_benign_v1,1,3,r0-s3-796860cef021de2e,1,4,True,True,pass_to_pass,0.02289922032919434,0.02569654973292912,0.0027973294037347794,1586.0,1780.0,194.0,0.9993694829760403,1.0,0.0006305170239596647,0.9388398486759143,0.9589887640449438,0.02014891536902952,1.0,1.0,0.0,0.02289922032919434,0.02569654973292912,0.0027973294037347794
system_b_static_neuro_symbolic_v2_corrected,cicids2017_sudden_benign_v1,1,3,r0-s3-79d7fc3f29cd8e4e,0,2,False,False,fail_to_fail,2.887669650591972e-05,0.000837303305904432,0.0008084266093985122,2.0,58.0,56.0,1.0,1.0,0.0,1.0,1.0,0.0,0.0,0.0,0.0,2.887669650591972e-05,0.000837303305904432,0.0008084266093985122
system_b_static_neuro_symbolic_v2_corrected,cicids2017_sudden_benign_v1,1,3,r0-s3-a162a1d51ac9e9ea,0,3,True,True,pass_to_pass,0.1261189719896044,0.07753717337952938,-0.048581798610075014,8735.0,5371.0,-3364.0,1.0,1.0,0.0,1.0,0.9992552597281698,-0.0007447402718302465,1.0,1.0,0.0,0.1261189719896044,0.07753717337952938,-0.048581798610075014
system_b_static_neuro_symbolic_v2_corrected,cicids2017_sudden_benign_v1,1,3,r0-s3-e71a7cc956b5d661,0,4,True,False,pass_to_fail,0.0017903551833670227,0.001544680236754728,-0.0002456749466122948,124.0,107.0,-17.0,1.0,1.0,0.0,1.0,0.9813084112149533,-0.01869158878504673,1.0,0.8,-0.19999999999999996,0.0017903551833670227,0.001544680236754728,-0.0002456749466122948
system_b_static_neuro_symbolic_v2_corrected,cicids2017_sudden_benign_v1,1,3,r0-s3-f518f2a1ca829da9,0,4,False,True,fail_to_pass,0.0,0.0026707088205572397,0.0026707088205572397,0.0,185.0,185.0,0.0,1.0,1.0,0.0,1.0,1.0,0.0,1.0,1.0,0.0,0.0026707088205572397,0.0026707088205572397
system_b_static_neuro_symbolic_v2_corrected,cicids2017_sudden_benign_v1,1,4,r0-s4-62d1f83b944f50dc,0,4,True,True,pass_to_pass,0.007060352295697373,0.03764977623790963,0.03058942394221226,489.0,2608.0,2119.0,0.8507157464212679,0.8914877300613497,0.04077198364008183,0.9979550102249489,0.9973159509202454,-0.0006390593047035376,1.0,1.0,0.0,0.007060352295697373,0.03764977623790963,0.03058942394221226
system_b_static_neuro_symbolic_v2_corrected,cicids2017_sudden_benign_v1,1,4,r0-s4-66e3dc8cac434da1,1,4,True,True,pass_to_pass,0.02287034363268842,0.025682113469034214,0.0028117698363457934,1584.0,1779.0,195.0,0.9993686868686869,1.0,0.0006313131313131493,0.9204545454545454,0.9482855536818438,0.027831008227298337,1.0,1.0,0.0,0.02287034363268842,0.025682113469034214,0.0028117698363457934
system_b_static_neuro_symbolic_v2_corrected,cicids2017_sudden_benign_v1,1,4,r0-s4-799502d6956c2bc7,0,2,False,False,fail_to_fail,2.887669650591972e-05,0.000837303305904432,0.0008084266093985122,2.0,58.0,56.0,1.0,1.0,0.0,1.0,0.9827586206896551,-0.017241379310344862,0.0,0.0,0.0,2.887669650591972e-05,0.000837303305904432,0.0008084266093985122
system_b_static_neuro_symbolic_v2_corrected,cicids2017_sudden_benign_v1,1,4,r0-s4-8a8bd24bc943a6c6,0,4,True,True,pass_to_pass,0.7976898642795264,0.7991338241663057,0.0014439598867793668,55248.0,55356.0,108.0,0.9966695626991022,0.9959173350675626,-0.0007522276315395926,0.9998370981754996,0.9998554808873473,1.838271184773088e-05,1.0,1.0,0.0,0.7976898642795264,0.7991338241663057,0.0014439598867793668
system_b_static_neuro_symbolic_v2_corrected,cicids2017_sudden_benign_v1,1,4,r0-s4-d921e73dd34c1c61,0,4,False,True,fail_to_pass,0.0,0.0026707088205572397,0.0026707088205572397,0.0,185.0,185.0,0.0,1.0,1.0,0.0,1.0,1.0,0.0,1.0,1.0,0.0,0.0026707088205572397,0.0026707088205572397
system_b_static_neuro_symbolic_v2_corrected,cicids2017_sudden_benign_v1,1,4,r0-s4-de9c6dab6f02b0d4,0,4,True,True,pass_to_pass,0.12707190297429974,0.07861989317164718,-0.04845200980265256,8801.0,5446.0,-3355.0,1.0,1.0,0.0,0.9998863765481195,0.9988982739625413,-0.0009881025855782433,1.0,1.0,0.0,0.12707190297429974,0.07861989317164718,-0.04845200980265256
