system_id,scenario_id,partition,seed,sample_count,neural_inference_seconds_single_pass,symbolic_fusion_warmup_repeats,symbolic_fusion_measured_repeats,symbolic_fusion_seconds_median,symbolic_fusion_seconds_min,symbolic_fusion_seconds_max,symbolic_fusion_seconds_p25,symbolic_fusion_seconds_p75
system_b_static_neuro_symbolic_v2_corrected,cicids2017_sudden_benign_v1,pre_drift,0,69260,0.41663770005106926,1,5,0.012552500003948808,0.011270999908447266,0.013275800039991736,0.0116586999502033,0.012723099905997515
system_b_static_neuro_symbolic_v2_corrected,cicids2017_sudden_benign_v1,pre_drift,1,69260,0.3944731999654323,1,5,0.011240500025451183,0.010661900043487549,0.011759900022298098,0.011236999882385135,0.011242700042203069
system_b_static_neuro_symbolic_v2_corrected,cicids2017_sudden_benign_v1,pre_drift,2,69260,0.30390030005946755,1,5,0.012257100082933903,0.011933499947190285,0.012614700011909008,0.012178499950096011,0.012366600101813674
system_b_static_neuro_symbolic_v2_corrected,cicids2017_sudden_benign_v1,pre_drift,3,69260,0.31521119992248714,1,5,0.010805400088429451,0.0104867999907583,0.011824500048533082,0.010514100082218647,0.011312299873679876
system_b_static_neuro_symbolic_v2_corrected,cicids2017_sudden_benign_v1,pre_drift,4,69260,0.3512905000243336,1,5,0.0077535000164061785,0.007334599969908595,0.010601900052279234,0.007471899967640638,0.007834299933165312
system_b_static_neuro_symbolic_v2_corrected,cicids2017_sudden_benign_v1,post_drift,0,69270,0.2979200999252498,1,5,0.01173290004953742,0.010178699856624007,0.012514099944382906,0.011711500119417906,0.012210800079628825
system_b_static_neuro_symbolic_v2_corrected,cicids2017_sudden_benign_v1,post_drift,1,69270,0.31217160006053746,1,5,0.011244900058954954,0.010968999937176704,0.011490399949252605,0.011124799959361553,0.011481699999421835
system_b_static_neuro_symbolic_v2_corrected,cicids2017_sudden_benign_v1,post_drift,2,69270,0.311126799788326,1,5,0.012475099880248308,0.01194739993661642,0.012765099992975593,0.011948599945753813,0.012550400104373693
system_b_static_neuro_symbolic_v2_corrected,cicids2017_sudden_benign_v1,post_drift,3,69270,0.38940360001288354,1,5,0.011594699928537011,0.01116110011935234,0.012051800033077598,0.011405299883335829,0.011870500165969133
system_b_static_neuro_symbolic_v2_corrected,cicids2017_sudden_benign_v1,post_drift,4,69270,0.3984082997776568,1,5,0.010761300101876259,0.010222399840131402,0.01077170018106699,0.010474199894815683,0.010761700104922056
