system_id,scenario_id,partition,seed,window_index,row_start,row_end,sample_count,benign_count,attack_count,attack_prevalence,tn,fp,fn,tp,accuracy,balanced_accuracy,precision,recall,f1,fpr,mcc,roc_auc,average_precision,resolved_coverage,raw_activation_coverage,uncovered_rate,conflict_abstention_rate,symbolic_neural_fidelity,benign_resolved_coverage,benign_symbolic_correctness,benign_symbolic_neural_fidelity,attack_resolved_coverage,attack_symbolic_correctness,attack_symbolic_neural_fidelity
system_b_static_neuro_symbolic_v2_corrected,cicids2017_sudden_benign_v1,pre_drift,0,0,0,5000,5000,4746,254,0.0508,4746,0,129,125,0.9742,0.7460629921259843,1.0,0.4921259842519685,0.6596306068601583,0.0,0.6921730806610169,0.9981368479382555,0.9635218200295921,0.9914,0.9914,0.0086,0.0,0.9850716158967118,0.9972608512431521,1.0,0.9987323050919079,0.8818897637795275,0.5803571428571429,0.6964285714285714
system_b_static_neuro_symbolic_v2_corrected,cicids2017_sudden_benign_v1,pre_drift,0,1,5000,10000,5000,4740,260,0.052,4739,1,147,113,0.9704,0.7172022070756248,0.9912280701754386,0.4346153846153846,0.6042780748663101,0.0002109704641350211,0.6461612610924967,0.9977815644271341,0.9523008731342966,0.9912,0.9912,0.0088,0.0,0.9979822437449556,0.9968354430379747,1.0,0.9993650793650793,0.8884615384615384,0.3722943722943723,0.9696969696969697
system_b_static_neuro_symbolic_v2_corrected,cicids2017_sudden_benign_v1,pre_drift,0,2,10000,15000,5000,4732,268,0.0536,4732,0,127,141,0.9746,0.7630597014925373,1.0,0.5261194029850746,0.6894865525672371,0.0,0.7157989842304538,0.9966976192578948,0.9402027317901378,0.9882,0.9882,0.0118,0.0,0.9981785063752276,0.9966187658495351,1.0,0.9991518235793045,0.8395522388059702,0.4533333333333333,0.9777777777777777
system_b_static_neuro_symbolic_v2_corrected,cicids2017_sudden_benign_v1,pre_drift,0,3,15000,20000,5000,4745,255,0.051,4745,0,108,147,0.9784,0.788235294117647,1.0,0.5764705882352941,0.7313432835820896,0.0,0.7507607160929842,0.9964073637885079,0.9341073692839305,0.988,0.988,0.012,0.0,0.9975708502024292,0.9970495258166491,1.0,0.9989431409849926,0.8196078431372549,0.5023923444976076,0.9665071770334929
system_b_static_neuro_symbolic_v2_corrected,cicids2017_sudden_benign_v1,pre_drift,0,4,20000,25000,5000,4736,264,0.0528,4736,0,159,105,0.9682,0.6988636363636364,1.0,0.3977272727272727,0.5691056910569106,0.0,0.6203291431901159,0.9955698774058148,0.9094760472668014,0.9924,0.9924,0.0076,0.0,0.9985892785167271,0.9974662162162162,1.0,0.9995766299745978,0.9015151515151515,0.3487394957983193,0.9789915966386554
system_b_static_neuro_symbolic_v2_corrected,cicids2017_sudden_benign_v1,pre_drift,0,5,25000,30000,5000,4748,252,0.0504,4748,0,128,124,0.9744,0.746031746031746,1.0,0.49206349206349204,0.6595744680851063,0.0,0.6922039589743935,0.9943142308875249,0.8912749364809024,0.991,0.991,0.009,0.0,0.9979818365287588,0.9972620050547599,1.0,0.9987328405491024,0.873015873015873,0.41818181818181815,0.9818181818181818
system_b_static_neuro_symbolic_v2_corrected,cicids2017_sudden_benign_v1,pre_drift,0,6,30000,35000,5000,4734,266,0.0532,4734,0,147,119,0.9706,0.7236842105263158,1.0,0.4473684210526316,0.6181818181818182,0.0,0.6587071618164669,0.9915862215742144,0.8596403581006881,0.993,0.993,0.007,0.0,0.9983887210473313,0.9978876214617659,1.0,0.9991532599491956,0.9060150375939849,0.4190871369294606,0.983402489626556
system_b_static_neuro_symbolic_v2_corrected,cicids2017_sudden_benign_v1,pre_drift,0,7,35000,40000,5000,4730,270,0.054,4730,0,200,70,0.96,0.6296296296296297,1.0,0.25925925925925924,0.4117647058823529,0.0,0.4987400547888349,0.9591065695716858,0.5825062191829713,0.9942,0.9942,0.0058,0.0,0.9991953329309998,0.9970401691331924,1.0,0.9995759117896522,0.9444444444444444,0.2196078431372549,0.9921568627450981
system_b_static_neuro_symbolic_v2_corrected,cicids2017_sudden_benign_v1,pre_drift,0,8,40000,45000,5000,4755,245,0.049,4755,0,117,128,0.9766,0.7612244897959184,1.0,0.5224489795918368,0.6863270777479893,0.0,0.7140745641463165,0.9795678018841607,0.7932174684596511,0.9904,0.9904,0.0096,0.0,0.997172859450727,0.9953732912723449,1.0,0.9989435875765899,0.8938775510204081,0.4840182648401826,0.958904109589041
system_b_static_neuro_symbolic_v2_corrected,cicids2017_sudden_benign_v1,pre_drift,0,9,45000,50000,5000,4739,261,0.0522,4739,0,18,243,0.9964,0.9655172413793103,1.0,0.9310344827586207,0.9642857142857143,0.0,0.9630740074296741,0.9973416963179098,0.9810722149398506,0.9844,0.9844,0.0156,0.0,0.9989841527834213,0.9978898501793627,1.0,0.9995770776062592,0.7394636015325671,0.917098445595855,0.9844559585492227
system_b_static_neuro_symbolic_v2_corrected,cicids2017_sudden_benign_v1,pre_drift,0,10,50000,55000,5000,4724,276,0.0552,4724,0,29,247,0.9942,0.947463768115942,1.0,0.894927536231884,0.9445506692160612,0.0,0.9431156963696341,0.999752267177165,0.9960026388870157,0.9846,0.9846,0.0154,0.0,0.9969530773918343,0.9976714648602879,1.0,0.9995756418417144,0.7608695652173914,0.8761904761904762,0.9380952380952381
system_b_static_neuro_symbolic_v2_corrected,cicids2017_sudden_benign_v1,pre_drift,0,11,55000,60000,5000,4760,240,0.048,4760,0,17,223,0.9966,0.9645833333333333,1.0,0.9291666666666667,0.9632829373650108,0.0,0.9622162042518264,0.9995351890756302,0.9922898703433025,0.9828,0.9828,0.0172,0.0,0.9973544973544973,0.9983193277310924,1.0,0.9987373737373737,0.675,0.9197530864197531,0.9567901234567902
system_b_static_neuro_symbolic_v2_corrected,cicids2017_sudden_benign_v1,pre_drift,0,12,60000,65000,5000,4745,255,0.051,4745,0,40,215,0.992,0.9215686274509804,1.0,0.8431372549019608,0.9148936170212766,0.0,0.9143790710542243,0.9983561643835617,0.9734690924125188,0.9864,0.9864,0.0136,0.0,0.9973641524736415,0.9968387776606955,1.0,0.9980972515856237,0.792156862745098,0.801980198019802,0.9801980198019802
system_b_static_neuro_symbolic_v2_corrected,cicids2017_sudden_benign_v1,pre_drift,0,13,65000,69260,4260,4037,223,0.05234741784037559,4036,1,99,124,0.9765258215962441,0.7779030514823089,0.992,0.5560538116591929,0.7126436781609196,0.00024770869457517957,0.7335206658808429,0.9942027279058839,0.8983880818024155,0.9901408450704225,0.9901408450704225,0.009859154929577466,0.0,0.9992887624466572,0.9970274956650979,1.0,1.0,0.8654708520179372,0.48704663212435234,0.9844559585492227
system_b_static_neuro_symbolic_v2_corrected,cicids2017_sudden_benign_v1,pre_drift,1,0,0,5000,5000,4746,254,0.0508,4740,6,147,107,0.9694,0.7099978100082622,0.9469026548672567,0.421259842519685,0.5831062670299727,0.0012642225031605564,0.6205333044083235,0.997824110481765,0.9474652893537858,0.96,0.96,0.04,0.0,0.9841666666666666,0.9740834386852086,1.0,1.0,0.6968503937007874,0.903954802259887,0.5706214689265536
system_b_static_neuro_symbolic_v2_corrected,cicids2017_sudden_benign_v1,pre_drift,1,1,5000,10000,5000,4740,260,0.052,4737,3,147,113,0.97,0.7169912366114898,0.9741379310344828,0.4346153846153846,0.601063829787234,0.0006329113924050633,0.6400755131496998,0.9982521908471275,0.9588129960395113,0.9504,0.9504,0.0496,0.0,0.9987373737373737,0.9721518987341772,1.0,1.0,0.5538461538461539,0.7916666666666666,0.9583333333333334
system_b_static_neuro_symbolic_v2_corrected,cicids2017_sudden_benign_v1,pre_drift,1,2,10000,15000,5000,4732,268,0.0536,4728,4,128,140,0.9736,0.7607713755819381,0.9722222222222222,0.5223880597014925,0.6796116504854369,0.0008453085376162299,0.7023589056820663,0.9980286647910069,0.9589301219450846,0.9578,0.9578,0.0422,0.0,0.9977030695343495,0.974006762468301,0.999783033195921,0.9993490995877631,0.6716417910447762,0.8055555555555556,0.9555555555555556
system_b_static_neuro_symbolic_v2_corrected,cicids2017_sudden_benign_v1,pre_drift,1,3,15000,20000,5000,4745,255,0.051,4740,5,113,142,0.9764,0.7779045021591355,0.9659863945578231,0.5568627450980392,0.7064676616915423,0.001053740779768177,0.7238523085285239,0.998218145002996,0.9617851633785452,0.9604,0.9604,0.0396,0.0,0.9979175343606831,0.9757639620653319,1.0,1.0,0.6745098039215687,0.877906976744186,0.9418604651162791
system_b_static_neuro_symbolic_v2_corrected,cicids2017_sudden_benign_v1,pre_drift,1,4,20000,25000,5000,4736,264,0.0528,4734,2,159,105,0.9678,0.6986524877149878,0.9813084112149533,0.3977272727272727,0.5660377358490566,0.0004222972972972973,0.6139773037132957,0.9983052121723996,0.9583231836866857,0.952,0.952,0.048,0.0,0.9974789915966387,0.9757179054054054,1.0,1.0,0.5265151515151515,0.7841726618705036,0.9136690647482014
system_b_static_neuro_symbolic_v2_corrected,cicids2017_sudden_benign_v1,pre_drift,1,5,25000,30000,5000,4748,252,0.0504,4742,6,138,114,0.9712,0.7255586312031131,0.95,0.4523809523809524,0.6129032258064516,0.0012636899747262005,0.6448289654895035,0.997732545700111,0.9454961756470424,0.952,0.952,0.048,0.0,0.9947478991596639,0.9743049705139006,1.0,1.0,0.5317460317460317,0.9253731343283582,0.8134328358208955
system_b_static_neuro_symbolic_v2_corrected,cicids2017_sudden_benign_v1,pre_drift,1,6,30000,35000,5000,4734,266,0.0532,4730,4,150,116,0.9692,0.7176226370743081,0.9666666666666667,0.43609022556390975,0.6010362694300518,0.0008449514152936206,0.638246549179793,0.9979201806798366,0.9562006641925223,0.954,0.954,0.046,0.0,0.9974842767295597,0.976552598225602,1.0,1.0,0.5526315789473685,0.8503401360544217,0.9183673469387755
system_b_static_neuro_symbolic_v2_corrected,cicids2017_sudden_benign_v1,pre_drift,1,7,35000,40000,5000,4730,270,0.054,4728,2,201,69,0.9594,0.6275663612872915,0.971830985915493,0.25555555555555554,0.4046920821114369,0.00042283298097251583,0.48738261359097584,0.9821345235298724,0.7836873904755828,0.9398,0.9398,0.0602,0.0,0.9995743775271334,0.9769556025369979,1.0,1.0,0.28888888888888886,0.9102564102564102,0.9743589743589743
system_b_static_neuro_symbolic_v2_corrected,cicids2017_sudden_benign_v1,pre_drift,1,8,40000,45000,5000,4755,245,0.049,4751,4,129,116,0.9734,0.7363140839932187,0.9666666666666667,0.47346938775510206,0.6356164383561644,0.0008412197686645636,0.6666185125539178,0.9836554432498551,0.8156096522539211,0.9596,0.9596,0.0404,0.0,0.9956231763234681,0.9783385909568875,1.0,0.9995700773860705,0.5959183673469388,0.9041095890410958,0.8698630136986302
system_b_static_neuro_symbolic_v2_corrected,cicids2017_sudden_benign_v1,pre_drift,1,9,45000,50000,5000,4739,261,0.0522,4737,2,21,240,0.9954,0.9595590999604651,0.9917355371900827,0.9195402298850575,0.9542743538767395,0.00042202996412745304,0.952609859299806,0.9973910139957102,0.9813156564965503,0.976,0.976,0.024,0.0,0.9989754098360656,0.9761553070267989,1.0,1.0,0.9731800766283525,0.9645669291338582,0.9803149606299213
system_b_static_neuro_symbolic_v2_corrected,cicids2017_sudden_benign_v1,pre_drift,1,10,50000,55000,5000,4724,276,0.0552,4722,2,35,241,0.9926,0.9363825178858496,0.9917695473251029,0.8731884057971014,0.928709055876686,0.0004233700254022015,0.9269090286297503,0.9998228288480654,0.9969797306650106,0.979,0.979,0.021,0.0,0.9973442288049029,0.9777730736663844,1.0,1.0,1.0,0.9057971014492754,0.9528985507246377
system_b_static_neuro_symbolic_v2_corrected,cicids2017_sudden_benign_v1,pre_drift,1,11,55000,60000,5000,4760,240,0.048,4755,5,23,217,0.9944,0.9515581232492998,0.9774774774774775,0.9041666666666667,0.9393939393939394,0.0010504201680672268,0.937245129671961,0.9995264355742297,0.9913100663813221,0.9752,0.9752,0.0248,0.0,0.9967186218211649,0.9739495798319328,1.0,0.9997842968075927,1.0,0.9458333333333333,0.9375
system_b_static_neuro_symbolic_v2_corrected,cicids2017_sudden_benign_v1,pre_drift,1,12,60000,65000,5000,4745,255,0.051,4736,9,40,215,0.9902,0.920620260749189,0.9598214285714286,0.8431372549019608,0.8977035490605428,0.0018967334035827187,0.8946480389572539,0.9993330440711585,0.9874058203261241,0.9684,0.9684,0.0316,0.0,0.9993804213135068,0.9723919915700737,1.0,1.0,0.8941176470588236,0.9429824561403509,0.9868421052631579
system_b_static_neuro_symbolic_v2_corrected,cicids2017_sudden_benign_v1,pre_drift,1,13,65000,69260,4260,4037,223,0.05234741784037559,4037,0,99,124,0.9767605633802817,0.7780269058295964,1.0,0.5560538116591929,0.7146974063400576,0.0,0.7367116213118,0.998544850269536,0.9683701660923671,0.9539906103286385,0.9539906103286385,0.046009389671361506,0.0,1.0,0.9737428783750309,1.0,1.0,0.5964125560538116,0.9323308270676691,1.0
system_b_static_neuro_symbolic_v2_corrected,cicids2017_sudden_benign_v1,pre_drift,2,0,0,5000,5000,4746,254,0.0508,4741,5,140,114,0.971,0.7238826894425807,0.957983193277311,0.44881889763779526,0.6112600536193029,0.001053518752633797,0.6450648116295677,0.7564928277770588,0.6692391868221712,0.9584,0.9584,0.0416,0.0,0.9937395659432388,0.9795617361989043,1.0,0.99956979995698,0.562992125984252,0.8811188811188811,0.8041958041958042
system_b_static_neuro_symbolic_v2_corrected,cicids2017_sudden_benign_v1,pre_drift,2,1,5000,10000,5000,4740,260,0.052,4737,3,146,114,0.9702,0.7189143135345667,0.9743589743589743,0.43846153846153846,0.6047745358090185,0.0006329113924050633,0.6430484651216214,0.6984087958455046,0.562560335852057,0.9476,0.9476,0.0524,0.0,0.99852258336851,0.9767932489451476,1.0,0.9997840172786178,0.4153846153846154,0.7314814814814815,0.9444444444444444
system_b_static_neuro_symbolic_v2_corrected,cicids2017_sudden_benign_v1,pre_drift,2,2,10000,15000,5000,4732,268,0.0536,4728,4,128,140,0.9736,0.7607713755819381,0.9722222222222222,0.5223880597014925,0.6796116504854369,0.0008453085376162299,0.7023589056820663,0.8544358196338679,0.6914899524566096,0.9532,0.9532,0.0468,0.0,0.9993705413344524,0.9795012679628065,1.0,1.0,0.48880597014925375,0.7251908396946565,0.9770992366412213
system_b_static_neuro_symbolic_v2_corrected,cicids2017_sudden_benign_v1,pre_drift,2,3,15000,20000,5000,4745,255,0.051,4741,4,112,143,0.9768,0.7799706605508379,0.9727891156462585,0.5607843137254902,0.7114427860696517,0.0008429926238145417,0.7292339900414159,0.8789222917828882,0.6961867578798929,0.9526,0.9526,0.0474,0.0,0.9985303380222549,0.9789251844046365,1.0,0.9995694294940797,0.4627450980392157,0.8220338983050848,0.9576271186440678
system_b_static_neuro_symbolic_v2_corrected,cicids2017_sudden_benign_v1,pre_drift,2,4,20000,25000,5000,4736,264,0.0528,4734,2,166,98,0.9664,0.685394911957412,0.98,0.3712121212121212,0.5384615384615384,0.0004222972972972973,0.5922943324555832,0.8910552953521703,0.5790931422937966,0.9508,0.9508,0.0492,0.0,0.9997896508203618,0.980152027027027,1.0,1.0,0.42424242424242425,0.7321428571428571,0.9910714285714286
system_b_static_neuro_symbolic_v2_corrected,cicids2017_sudden_benign_v1,pre_drift,2,5,25000,30000,5000,4748,252,0.0504,4743,5,151,101,0.9688,0.6998702879073562,0.9528301886792453,0.4007936507936508,0.5642458100558659,0.0010530749789385003,0.60708421965154,0.9292835078429013,0.6114163966522017,0.9498,0.9498,0.0502,0.0,0.9997894293535481,0.97893850042123,1.0,0.9997848537005164,0.4007936507936508,0.900990099009901,1.0
system_b_static_neuro_symbolic_v2_corrected,cicids2017_sudden_benign_v1,pre_drift,2,6,30000,35000,5000,4734,266,0.0532,4729,5,151,115,0.9688,0.7156373188992761,0.9583333333333334,0.4323308270676692,0.5958549222797928,0.0010561892691170257,0.63242398177011,0.9476177770154156,0.6552761788938017,0.9528,0.9528,0.0472,0.0,1.0,0.9807773553020701,1.0,1.0,0.4548872180451128,0.8264462809917356,1.0
system_b_static_neuro_symbolic_v2_corrected,cicids2017_sudden_benign_v1,pre_drift,2,7,35000,40000,5000,4730,270,0.054,4728,2,201,69,0.9594,0.6275663612872915,0.971830985915493,0.25555555555555554,0.4046920821114369,0.00042283298097251583,0.48738261359097584,0.9381872993500902,0.48981675861587587,0.9406,0.9406,0.0594,0.0,1.0,0.9809725158562368,1.0,1.0,0.23333333333333334,0.8888888888888888,1.0
system_b_static_neuro_symbolic_v2_corrected,cicids2017_sudden_benign_v1,pre_drift,2,8,40000,45000,5000,4755,245,0.049,4750,5,129,116,0.9732,0.7362089315221356,0.9586776859504132,0.47346938775510206,0.6338797814207651,0.0010515247108307045,0.6636307776424961,0.984767913474538,0.8422976141084599,0.9578,0.9578,0.0422,0.0,0.9997911881394863,0.9819137749737119,1.0,1.0,0.4897959183673469,0.8833333333333333,0.9916666666666667
system_b_static_neuro_symbolic_v2_corrected,cicids2017_sudden_benign_v1,pre_drift,2,9,45000,50000,5000,4739,261,0.0522,4737,2,20,241,0.9956,0.9614748087727256,0.9917695473251029,0.9233716475095786,0.9563492063492064,0.00042202996412745304,0.9547109191826035,0.9979545291010681,0.9793497450826477,0.9664,0.9664,0.0336,0.0,0.9997930463576159,0.9807976366322009,1.0,0.9997848537005164,0.7049808429118773,0.9510869565217391,1.0
system_b_static_neuro_symbolic_v2_corrected,cicids2017_sudden_benign_v1,pre_drift,2,10,50000,55000,5000,4724,276,0.0552,4721,3,38,238,0.9918,0.9308418927708034,0.9875518672199171,0.8623188405797102,0.9206963249516441,0.0006350550381033022,0.9187366312995132,0.9992989851390985,0.9891653122155645,0.9692,0.9692,0.0308,0.0,0.9997936442426744,0.9822184589331076,1.0,1.0,0.7463768115942029,0.8737864077669902,0.9951456310679612
system_b_static_neuro_symbolic_v2_corrected,cicids2017_sudden_benign_v1,pre_drift,2,11,55000,60000,5000,4760,240,0.048,4755,5,26,214,0.9938,0.9453081232492997,0.9771689497716894,0.8916666666666667,0.9324618736383442,0.0010504201680672268,0.9302898469508257,0.998578431372549,0.9773386735571032,0.9644,0.9644,0.0356,0.0,0.9993778515138947,0.9794117647058823,1.0,0.9993564993564994,0.6666666666666666,0.91875,1.0
system_b_static_neuro_symbolic_v2_corrected,cicids2017_sudden_benign_v1,pre_drift,2,12,60000,65000,5000,4745,255,0.051,4735,10,46,209,0.9888,0.9087501807888593,0.954337899543379,0.8196078431372549,0.8818565400843882,0.002107481559536354,0.8788094589599421,0.9825012913489949,0.9011765983458658,0.9626,0.9626,0.0374,0.0,1.0,0.9780821917808219,1.0,1.0,0.6745098039215687,0.9244186046511628,1.0
system_b_static_neuro_symbolic_v2_corrected,cicids2017_sudden_benign_v1,pre_drift,2,13,65000,69260,4260,4037,223,0.05234741784037559,4036,1,99,124,0.9765258215962441,0.7779030514823089,0.992,0.5560538116591929,0.7126436781609196,0.00024770869457517957,0.7335206658808429,0.9406187829838568,0.6818364556588035,0.9514084507042253,0.9514084507042253,0.048591549295774646,0.0,1.0,0.9784493435719593,1.0,1.0,0.4618834080717489,0.912621359223301,1.0
system_b_static_neuro_symbolic_v2_corrected,cicids2017_sudden_benign_v1,pre_drift,3,0,0,5000,5000,4746,254,0.0508,4746,0,179,75,0.9642,0.6476377952755905,1.0,0.2952755905511811,0.45592705167173253,0.0,0.5334264211233525,0.9977793151962199,0.9539203078256555,0.9542,0.9542,0.0458,0.0,0.98826241878013,0.9751369574378423,1.0,1.0,0.562992125984252,0.8811188811188811,0.6083916083916084
system_b_static_neuro_symbolic_v2_corrected,cicids2017_sudden_benign_v1,pre_drift,3,1,5000,10000,5000,4740,260,0.052,4740,0,151,109,0.9698,0.7096153846153846,1.0,0.41923076923076924,0.5907859078590786,0.0,0.6374071259682419,0.9980501460564751,0.9548952977871775,0.9436,0.9436,0.0564,0.0,0.9997880457821111,0.9725738396624473,1.0,1.0,0.4153846153846154,0.7222222222222222,0.9907407407407407
system_b_static_neuro_symbolic_v2_corrected,cicids2017_sudden_benign_v1,pre_drift,3,2,10000,15000,5000,4732,268,0.0536,4732,0,136,132,0.9728,0.7462686567164178,1.0,0.4925373134328358,0.66,0.0,0.691937155342999,0.9982865154363432,0.9637375764898083,0.9484,0.9484,0.0516,0.0,0.9989455925769718,0.9748520710059172,0.999783221331021,0.999783221331021,0.48134328358208955,0.7286821705426356,0.9689922480620154
system_b_static_neuro_symbolic_v2_corrected,cicids2017_sudden_benign_v1,pre_drift,3,3,15000,20000,5000,4745,255,0.051,4744,1,116,139,0.9766,0.7724436455298662,0.9928571428571429,0.5450980392156862,0.7037974683544304,0.00021074815595363542,0.726628996600257,0.9982611210975434,0.9628779115760782,0.9504,0.9504,0.0496,0.0,0.9989478114478114,0.9766069546891465,1.0,1.0,0.4627450980392157,0.8220338983050848,0.9576271186440678
system_b_static_neuro_symbolic_v2_corrected,cicids2017_sudden_benign_v1,pre_drift,3,4,20000,25000,5000,4736,264,0.0528,4736,0,172,92,0.9656,0.6742424242424243,1.0,0.3484848484848485,0.5168539325842697,0.0,0.579889867158109,0.9979716932841933,0.9526672593637706,0.9474,0.9474,0.0526,0.0,0.9991555837027655,0.9765625,1.0,1.0,0.42424242424242425,0.7321428571428571,0.9642857142857143
system_b_static_neuro_symbolic_v2_corrected,cicids2017_sudden_benign_v1,pre_drift,3,5,25000,30000,5000,4748,252,0.0504,4748,0,155,97,0.969,0.6924603174603174,1.0,0.38492063492063494,0.5558739255014327,0.0,0.6105342121371409,0.9978604190904107,0.9501593899447291,0.9464,0.9464,0.0536,0.0,0.9995773457311918,0.9753580454928391,1.0,1.0,0.4007936507936508,0.900990099009901,0.9801980198019802
system_b_static_neuro_symbolic_v2_corrected,cicids2017_sudden_benign_v1,pre_drift,3,6,30000,35000,5000,4734,266,0.0532,4734,0,156,110,0.9688,0.706766917293233,1.0,0.41353383458646614,0.5851063829787234,0.0,0.6327253307383393,0.9980933004246993,0.9578860896523892,0.95,0.95,0.05,0.0,0.9993684210526316,0.977608787494719,1.0,1.0,0.45864661654135336,0.819672131147541,0.9754098360655737
system_b_static_neuro_symbolic_v2_corrected,cicids2017_sudden_benign_v1,pre_drift,3,7,35000,40000,5000,4730,270,0.054,4730,0,201,69,0.9598,0.6277777777777778,1.0,0.25555555555555554,0.40707964601769914,0.0,0.49511459925128637,0.9877472398402631,0.8559948805126559,0.9372,0.9372,0.0628,0.0,0.9997865983781477,0.9773784355179704,1.0,1.0,0.23333333333333334,0.8888888888888888,0.9841269841269841
system_b_static_neuro_symbolic_v2_corrected,cicids2017_sudden_benign_v1,pre_drift,3,8,40000,45000,5000,4755,245,0.049,4755,0,140,105,0.972,0.7142857142857143,1.0,0.42857142857142855,0.6,0.0,0.6452240099807167,0.9859430459881113,0.8314094388772122,0.9554,0.9554,0.0446,0.0,0.9987439815783965,0.9793901156677182,1.0,1.0,0.4897959183673469,0.8833333333333333,0.95
system_b_static_neuro_symbolic_v2_corrected,cicids2017_sudden_benign_v1,pre_drift,3,9,45000,50000,5000,4739,261,0.0522,4739,0,26,235,0.9948,0.9501915708812261,1.0,0.9003831417624522,0.9475806451612904,0.0,0.9462928950343544,0.9975923271395181,0.9819456606748517,0.9626,0.9626,0.0374,0.0,0.9997922293787659,0.9767883519729901,1.0,1.0,0.7049808429118773,0.9510869565217391,0.9945652173913043
system_b_static_neuro_symbolic_v2_corrected,cicids2017_sudden_benign_v1,pre_drift,3,10,50000,55000,5000,4724,276,0.0552,4724,0,43,233,0.9914,0.9221014492753623,1.0,0.8442028985507246,0.9155206286836935,0.0,0.9146517886229817,0.9998458380885763,0.9974474717407451,0.9656,0.9656,0.0344,0.0,0.998135874067937,0.9784081287044877,1.0,1.0,0.7463768115942029,0.8737864077669902,0.9563106796116505
system_b_static_neuro_symbolic_v2_corrected,cicids2017_sudden_benign_v1,pre_drift,3,11,55000,60000,5000,4760,240,0.048,4760,0,36,204,0.9928,0.925,1.0,0.85,0.918918918918919,0.0,0.9184877152522097,0.9996516106442578,0.9940252305337689,0.9604,0.9604,0.0396,0.0,0.9989587671803415,0.9752100840336134,1.0,0.9997845756139595,0.6666666666666666,0.91875,0.975
system_b_static_neuro_symbolic_v2_corrected,cicids2017_sudden_benign_v1,pre_drift,3,12,60000,65000,5000,4745,255,0.051,4745,0,46,209,0.9908,0.9098039215686274,1.0,0.8196078431372549,0.9008620689655172,0.0,0.9009653228508914,0.9994165168701832,0.9892442734675287,0.9592,0.9592,0.0408,0.0,1.0,0.9744994731296102,1.0,1.0,0.6745098039215687,0.9244186046511628,1.0
system_b_static_neuro_symbolic_v2_corrected,cicids2017_sudden_benign_v1,pre_drift,3,13,65000,69260,4260,4037,223,0.05234741784037559,4037,0,101,122,0.9762910798122065,0.773542600896861,1.0,0.547085201793722,0.7072463768115942,0.0,0.7305696314385077,0.9984881994021667,0.967440119487004,0.9469483568075118,0.9469483568075118,0.053051643192488264,0.0,1.0,0.9737428783750309,1.0,1.0,0.4618834080717489,0.912621359223301,1.0
system_b_static_neuro_symbolic_v2_corrected,cicids2017_sudden_benign_v1,pre_drift,4,0,0,5000,5000,4746,254,0.0508,4740,6,173,81,0.9642,0.6588167076460575,0.9310344827586207,0.3188976377952756,0.4750733137829912,0.0012642225031605564,0.533425657457437,0.9974632595704299,0.939453874656287,0.9574,0.9574,0.0426,0.0,0.9870482556925005,0.9785082174462706,1.0,1.0,0.562992125984252,0.8811188811188811,0.5664335664335665
system_b_static_neuro_symbolic_v2_corrected,cicids2017_sudden_benign_v1,pre_drift,4,1,5000,10000,5000,4740,260,0.052,4737,3,156,104,0.9682,0.6996835443037974,0.9719626168224299,0.4,0.5667574931880109,0.0006329113924050633,0.6127292606451935,0.9977839987017201,0.9481800704005241,0.9458,0.9458,0.0542,0.0,0.9989426940156482,0.9753164556962025,1.0,1.0,0.4076923076923077,0.7169811320754716,0.9528301886792453
system_b_static_neuro_symbolic_v2_corrected,cicids2017_sudden_benign_v1,pre_drift,4,2,10000,15000,5000,4732,268,0.0536,4728,4,141,127,0.971,0.7365176442386545,0.9694656488549618,0.47388059701492535,0.6365914786967418,0.0008453085376162299,0.6670029738703912,0.9979379833713933,0.9567437489156548,0.9522,0.9522,0.0478,0.0,0.9983196807393405,0.9786559594251902,0.9997840639170805,0.9993521917512417,0.48507462686567165,0.7230769230769231,0.9615384615384616
system_b_static_neuro_symbolic_v2_corrected,cicids2017_sudden_benign_v1,pre_drift,4,3,15000,20000,5000,4745,255,0.051,4740,5,122,133,0.9746,0.7602574433356062,0.9637681159420289,0.5215686274509804,0.6768447837150128,0.001053740779768177,0.6989954245077618,0.9981991363457924,0.9604395949260048,0.9516,0.9516,0.0484,0.0,0.9983186212694409,0.9778714436248683,1.0,1.0,0.4627450980392157,0.8220338983050848,0.9322033898305084
system_b_static_neuro_symbolic_v2_corrected,cicids2017_sudden_benign_v1,pre_drift,4,4,20000,25000,5000,4736,264,0.0528,4734,2,172,92,0.9652,0.6740312755937756,0.9787234042553191,0.3484848484848485,0.5139664804469274,0.0004222972972972973,0.5731092402616684,0.99844757754914,0.962333838112235,0.9498,0.9498,0.0502,0.0,0.9989471467677405,0.9790962837837838,1.0,1.0,0.42424242424242425,0.7321428571428571,0.9553571428571429
system_b_static_neuro_symbolic_v2_corrected,cicids2017_sudden_benign_v1,pre_drift,4,5,25000,30000,5000,4748,252,0.0504,4742,6,155,97,0.9678,0.6918284724729544,0.941747572815534,0.38492063492063494,0.5464788732394367,0.0012636899747262005,0.5909014087420486,0.9982916783674999,0.9567465079929218,0.9492,0.9492,0.0508,0.0,0.999157184997893,0.9783066554338669,1.0,1.0,0.4007936507936508,0.900990099009901,0.9603960396039604
system_b_static_neuro_symbolic_v2_corrected,cicids2017_sudden_benign_v1,pre_drift,4,6,30000,35000,5000,4734,266,0.0532,4730,4,157,109,0.9678,0.7044647423374659,0.9646017699115044,0.40977443609022557,0.575197889182058,0.0008449514152936206,0.6175085555250605,0.9987452789133798,0.9700041372542407,0.9516,0.9516,0.0484,0.0,0.9989491382934006,0.9792986903253063,1.0,1.0,0.45864661654135336,0.819672131147541,0.9590163934426229
system_b_static_neuro_symbolic_v2_corrected,cicids2017_sudden_benign_v1,pre_drift,4,7,35000,40000,5000,4730,270,0.054,4728,2,201,69,0.9594,0.6275663612872915,0.971830985915493,0.25555555555555554,0.4046920821114369,0.00042283298097251583,0.48738261359097584,0.9931407094197792,0.9049992099252026,0.9406,0.9406,0.0594,0.0,0.9995747395279608,0.9809725158562368,1.0,1.0,0.23333333333333334,0.8888888888888888,0.9682539682539683
system_b_static_neuro_symbolic_v2_corrected,cicids2017_sudden_benign_v1,pre_drift,4,8,40000,45000,5000,4755,245,0.049,4751,4,135,110,0.9722,0.724069186034035,0.9649122807017544,0.4489795918367347,0.6128133704735376,0.0008412197686645636,0.6480988905648024,0.9894838945041738,0.8508860656380804,0.9568,0.9568,0.0432,0.0,0.9983277591973244,0.9808622502628812,1.0,0.9997855917667239,0.4897959183673469,0.8833333333333333,0.9416666666666667
system_b_static_neuro_symbolic_v2_corrected,cicids2017_sudden_benign_v1,pre_drift,4,9,45000,50000,5000,4739,261,0.0522,4737,2,28,233,0.994,0.9461491382746412,0.9914893617021276,0.89272030651341,0.9395161290322581,0.00042202996412745304,0.9377957895759415,0.998482470799488,0.9856442235426138,0.9652,0.9652,0.0348,0.0,0.9995855781185247,0.9795315467398186,1.0,1.0,0.7049808429118773,0.9510869565217391,0.9891304347826086
system_b_static_neuro_symbolic_v2_corrected,cicids2017_sudden_benign_v1,pre_drift,4,10,50000,55000,5000,4724,276,0.0552,4722,2,47,229,0.9902,0.9146433874510671,0.9913419913419913,0.8297101449275363,0.903353057199211,0.0004233700254022015,0.9021828639207551,0.9998864877468124,0.9979498457941772,0.9686,0.9686,0.0314,0.0,0.9975221969853396,0.9815834038950042,1.0,1.0,0.7463768115942029,0.8737864077669902,0.941747572815534
system_b_static_neuro_symbolic_v2_corrected,cicids2017_sudden_benign_v1,pre_drift,4,11,55000,60000,5000,4760,240,0.048,4755,5,40,200,0.991,0.9161414565826331,0.975609756097561,0.8333333333333334,0.898876404494382,0.0010504201680672268,0.8972404397722327,0.9996183473389355,0.9924326590584669,0.9632,0.9632,0.0368,0.0,0.9979235880398671,0.9781512605042016,1.0,0.9997852233676976,0.6666666666666666,0.91875,0.94375
system_b_static_neuro_symbolic_v2_corrected,cicids2017_sudden_benign_v1,pre_drift,4,12,60000,65000,5000,4745,255,0.051,4736,9,49,206,0.9884,0.9029732019256596,0.958139534883721,0.807843137254902,0.8765957446808511,0.0018967334035827187,0.8740457378540969,0.9993231265108783,0.9869059658491082,0.9626,0.9626,0.0374,0.0,0.9991689175150633,0.9780821917808219,1.0,1.0,0.6745098039215687,0.9244186046511628,0.9767441860465116
system_b_static_neuro_symbolic_v2_corrected,cicids2017_sudden_benign_v1,pre_drift,4,13,65000,69260,4260,4037,223,0.05234741784037559,4037,0,103,120,0.9758215962441315,0.7690582959641256,1.0,0.5381165919282511,0.6997084548104956,0.0,0.7243815755916259,0.998858096242048,0.9749111892769019,0.9509389671361502,0.9509389671361502,0.04906103286384977,0.0,0.999506294742039,0.977953926182809,1.0,1.0,0.4618834080717489,0.912621359223301,0.9805825242718447
system_b_static_neuro_symbolic_v2_corrected,cicids2017_sudden_benign_v1,post_drift,0,0,0,5000,5000,4742,258,0.0516,4742,0,137,121,0.9726,0.7344961240310077,1.0,0.4689922480620155,0.6385224274406333,0.0,0.6751467757055946,0.9740591252832187,0.7131843008486085,0.9848,0.9848,0.0152,0.0,0.9987814784727863,0.9894559257697174,1.0,0.9993606138107417,0.8992248062015504,0.40948275862068967,0.9870689655172413
system_b_static_neuro_symbolic_v2_corrected,cicids2017_sudden_benign_v1,post_drift,0,1,5000,10000,5000,4745,255,0.051,4744,1,156,99,0.9686,0.6940122729808467,0.99,0.38823529411764707,0.5577464788732395,0.00021074815595363542,0.6097465588074948,0.9460046695179652,0.5792722518287242,0.989,0.989,0.011,0.0,0.9991911021233569,0.9940990516332983,1.0,0.9993640025439898,0.8941176470588236,0.32456140350877194,0.9956140350877193
system_b_static_neuro_symbolic_v2_corrected,cicids2017_sudden_benign_v1,post_drift,0,2,10000,15000,5000,4723,277,0.0554,4723,0,157,120,0.9686,0.7166064981949458,1.0,0.4332129963898917,0.6045340050377834,0.0,0.6475149504491899,0.9140063488375115,0.5688665358824253,0.9864,0.9864,0.0136,0.0,0.9995944849959448,0.9930129155197968,1.0,0.9997867803837953,0.8736462093862816,0.35537190082644626,0.9958677685950413
system_b_static_neuro_symbolic_v2_corrected,cicids2017_sudden_benign_v1,post_drift,0,3,15000,20000,5000,4743,257,0.0514,4743,0,149,108,0.9702,0.7101167315175098,1.0,0.42023346303501946,0.5917808219178082,0.0,0.6383055994282575,0.8662522119428919,0.512757423683347,0.9902,0.9902,0.0098,0.0,0.998990103009493,0.9955724225173941,1.0,0.9997882253282507,0.8910505836575876,0.3537117903930131,0.982532751091703
system_b_static_neuro_symbolic_v2_corrected,cicids2017_sudden_benign_v1,post_drift,0,4,20000,25000,5000,4732,268,0.0536,4732,0,158,110,0.9684,0.7052238805970149,1.0,0.41044776119402987,0.582010582010582,0.0,0.6302268241606717,0.8899600686340067,0.5422904454063634,0.9896,0.9896,0.0104,0.0,0.9949474535165723,0.9949281487743026,1.0,1.0,0.8955223880597015,0.37083333333333335,0.8958333333333334
system_b_static_neuro_symbolic_v2_corrected,cicids2017_sudden_benign_v1,post_drift,0,5,25000,30000,5000,4768,232,0.0464,4767,1,57,175,0.9884,0.877050306641981,0.9943181818181818,0.7543103448275862,0.8578431372549019,0.00020973154362416107,0.860758710609327,0.9906913547211293,0.9038403287795076,0.9826,0.9826,0.0174,0.0,0.9973539588845919,0.9893036912751678,1.0,0.9997880008479966,0.8448275862068966,0.7397959183673469,0.9387755102040817
system_b_static_neuro_symbolic_v2_corrected,cicids2017_sudden_benign_v1,post_drift,0,6,30000,35000,5000,4737,263,0.0526,4737,0,159,104,0.9682,0.6977186311787072,1.0,0.39543726235741444,0.5667574931880109,0.0,0.6185428387917542,0.9989894295454198,0.9763252955306765,0.9874,0.9874,0.0126,0.0,0.9981770305853758,0.9924002533248891,1.0,0.9989363965113806,0.8973384030418251,0.3432203389830508,0.9830508474576272
system_b_static_neuro_symbolic_v2_corrected,cicids2017_sudden_benign_v1,post_drift,0,7,35000,40000,5000,4738,262,0.0524,4738,0,148,114,0.9704,0.7175572519083969,1.0,0.4351145038167939,0.6063829787234043,0.0,0.6495649413207544,0.9991106499666493,0.9835981839225928,0.992,0.992,0.008,0.0,0.9977822580645161,0.9955677501055298,1.0,0.9997880008479966,0.9274809160305344,0.3991769547325103,0.9588477366255144
system_b_static_neuro_symbolic_v2_corrected,cicids2017_sudden_benign_v1,post_drift,0,8,40000,45000,5000,4739,261,0.0522,4739,0,28,233,0.9944,0.946360153256705,1.0,0.89272030651341,0.9433198380566802,0.0,0.9420598291758393,0.9994122302990026,0.9903082073305798,0.9824,0.9824,0.0176,0.0,0.9981677524429967,0.9940915805022157,1.0,0.9995754616854171,0.7701149425287356,0.8756218905472637,0.9651741293532339
system_b_static_neuro_symbolic_v2_corrected,cicids2017_sudden_benign_v1,post_drift,0,9,45000,50000,5000,4756,244,0.0488,4754,2,32,212,0.9932,0.9342159687848999,0.9906542056074766,0.8688524590163934,0.925764192139738,0.00042052144659377626,0.9243967056491083,0.9977164306691118,0.9707490742832872,0.9826,0.9826,0.0174,0.0,0.9977610421331162,0.9909587888982339,1.0,0.9993634627625716,0.819672131147541,0.86,0.96
system_b_static_neuro_symbolic_v2_corrected,cicids2017_sudden_benign_v1,post_drift,0,10,50000,55000,5000,4742,258,0.0516,4742,0,29,229,0.9942,0.9437984496124031,1.0,0.8875968992248062,0.9404517453798767,0.0,0.9392559496030966,0.9989709310499282,0.9845278116582235,0.9812,0.9812,0.0188,0.0,0.9989808397880147,0.9919865035849852,1.0,0.9995748299319728,0.7829457364341085,0.8762376237623762,0.9851485148514851
system_b_static_neuro_symbolic_v2_corrected,cicids2017_sudden_benign_v1,post_drift,0,11,55000,60000,5000,4741,259,0.0518,4741,0,22,237,0.9956,0.9575289575289575,1.0,0.915057915057915,0.9556451612903226,0.0,0.9543748318178246,0.9995683754384451,0.9930434748797937,0.9812,0.9812,0.0188,0.0,0.9981655116184264,0.9911411094705759,1.0,0.9997871887635668,0.7992277992277992,0.9082125603864735,0.961352657004831
system_b_static_neuro_symbolic_v2_corrected,cicids2017_sudden_benign_v1,post_drift,0,12,60000,65000,5000,4736,264,0.0528,4736,0,34,230,0.9932,0.9356060606060606,1.0,0.8712121212121212,0.9311740890688259,0.0,0.9300549572432747,0.9972910588144963,0.9703057717329429,0.9814,0.9814,0.0186,0.0,0.9959241899327491,0.9909206081081081,1.0,0.9991476667376944,0.8106060606060606,0.8785046728971962,0.9252336448598131
system_b_static_neuro_symbolic_v2_corrected,cicids2017_sudden_benign_v1,post_drift,0,13,65000,69270,4270,4055,215,0.05035128805620609,4053,2,29,186,0.9927400468384074,0.9323115304103461,0.9893617021276596,0.8651162790697674,0.9230769230769231,0.0004932182490752158,0.9215651627197705,0.9988093940871161,0.9803962247969864,0.9695550351288056,0.9695550351288056,0.03044496487119438,0.0,0.9968599033816425,0.9785450061652281,1.0,0.9992439516129032,0.8,0.8604651162790697,0.9418604651162791
system_b_static_neuro_symbolic_v2_corrected,cicids2017_sudden_benign_v1,post_drift,1,0,0,5000,5000,4742,258,0.0516,4740,2,138,120,0.972,0.7323472580502781,0.9836065573770492,0.46511627906976744,0.631578947368421,0.00042176296921130323,0.6662808971370737,0.9965327160554374,0.9239689760864204,0.9332,0.9332,0.0668,0.0,0.998928418345478,0.9567692956558415,1.0,0.9997795900374697,0.5,0.937984496124031,0.9689922480620154
system_b_static_neuro_symbolic_v2_corrected,cicids2017_sudden_benign_v1,post_drift,1,1,5000,10000,5000,4745,255,0.051,4742,3,156,99,0.9682,0.6938015248248931,0.9705882352941176,0.38823529411764707,0.5546218487394958,0.0006322444678609062,0.6032063541594291,0.9851831649414244,0.7605398470119049,0.9336,0.9336,0.0664,0.0,0.9987146529562982,0.9608008429926238,1.0,0.9997806536521167,0.42745098039215684,0.926605504587156,0.9541284403669725
system_b_static_neuro_symbolic_v2_corrected,cicids2017_sudden_benign_v1,post_drift,1,2,10000,15000,5000,4723,277,0.0554,4722,1,159,118,0.968,0.71289052497533,0.9915966386554622,0.4259927797833935,0.5959595959595959,0.00021172983273343214,0.6390094803099882,0.957430073738545,0.6444047072123275,0.9156,0.9156,0.0844,0.0,0.9989078200087375,0.9424094854965065,1.0,1.0,0.4584837545126354,0.952755905511811,0.9606299212598425
system_b_static_neuro_symbolic_v2_corrected,cicids2017_sudden_benign_v1,post_drift,1,3,15000,20000,5000,4743,257,0.0514,4743,0,151,106,0.9698,0.7062256809338521,1.0,0.41245136186770426,0.5840220385674931,0.0,0.6322385177980852,0.8889184224796567,0.5279417856388393,0.9392,0.9392,0.0608,0.0,0.9985093696763203,0.9660552393000211,1.0,0.9997817546922741,0.44357976653696496,0.956140350877193,0.9473684210526315
system_b_static_neuro_symbolic_v2_corrected,cicids2017_sudden_benign_v1,post_drift,1,4,20000,25000,5000,4732,268,0.0536,4732,0,165,103,0.967,0.6921641791044776,1.0,0.3843283582089552,0.555256064690027,0.0,0.609408533480572,0.8801893428041533,0.5365601418142641,0.9348,0.9348,0.0652,0.0,0.9952931108258452,0.9613271344040575,1.0,0.9997801714662563,0.4664179104477612,0.928,0.832
system_b_static_neuro_symbolic_v2_corrected,cicids2017_sudden_benign_v1,post_drift,1,5,25000,30000,5000,4768,232,0.0464,4766,2,71,161,0.9854,0.8467730270770655,0.9877300613496932,0.6939655172413793,0.8151898734177215,0.00041946308724832214,0.8214962307700934,0.9899934549294145,0.9050443228548999,0.9584,0.9584,0.0416,0.0,0.9952003338898163,0.9618288590604027,1.0,1.0,0.8879310344827587,0.8786407766990292,0.8883495145631068
system_b_static_neuro_symbolic_v2_corrected,cicids2017_sudden_benign_v1,post_drift,1,6,30000,35000,5000,4737,263,0.0526,4732,5,159,104,0.9672,0.6971908709929356,0.9541284403669725,0.39543726235741444,0.5591397849462365,0.0010555203715431707,0.6028847342761963,0.9936500215518798,0.8781594192482198,0.9572,0.9572,0.0428,0.0,0.9987463435018805,0.9552459362465695,1.0,1.0,0.9923954372623575,0.41379310344827586,0.9770114942528736
system_b_static_neuro_symbolic_v2_corrected,cicids2017_sudden_benign_v1,post_drift,1,7,35000,40000,5000,4738,262,0.0524,4738,0,146,116,0.9708,0.7213740458015268,1.0,0.44274809160305345,0.6137566137566137,0.0,0.6553722516947252,0.9953091619164849,0.9066431898396065,0.9692,0.9692,0.0308,0.0,0.9987618654560462,0.9681300126635711,1.0,0.999781992587748,0.9885496183206107,0.44787644787644787,0.9806949806949807
system_b_static_neuro_symbolic_v2_corrected,cicids2017_sudden_benign_v1,post_drift,1,8,40000,45000,5000,4739,261,0.0522,4739,0,29,232,0.9942,0.9444444444444444,1.0,0.8888888888888888,0.9411764705882353,0.0,0.9399374850299114,0.999492270464613,0.9912732834349638,0.9656,0.9656,0.0344,0.0,0.9983429991714996,0.963705423085039,1.0,0.9995620757608934,1.0,0.9042145593869731,0.9770114942528736
system_b_static_neuro_symbolic_v2_corrected,cicids2017_sudden_benign_v1,post_drift,1,9,45000,50000,5000,4756,244,0.0488,4753,3,37,207,0.992,0.9238649367839071,0.9857142857142858,0.8483606557377049,0.9118942731277533,0.0006307821698906644,0.9105334811097089,0.9983747880158282,0.97553564305702,0.9538,0.9538,0.0462,0.0,0.9972740616481442,0.9514297729184188,1.0,1.0,1.0,0.8852459016393442,0.9467213114754098
system_b_static_neuro_symbolic_v2_corrected,cicids2017_sudden_benign_v1,post_drift,1,10,50000,55000,5000,4742,258,0.0516,4740,2,33,225,0.993,0.9358356301433013,0.9911894273127754,0.872093023255814,0.9278350515463918,0.00042176296921130323,0.9262638379669934,0.9991229618876671,0.9857859528706847,0.9614,0.9614,0.0386,0.0,0.9983357603494903,0.9592998734711092,1.0,1.0,1.0,0.9031007751937985,0.9689922480620154
system_b_static_neuro_symbolic_v2_corrected,cicids2017_sudden_benign_v1,post_drift,1,11,55000,60000,5000,4741,259,0.0518,4741,0,27,232,0.9946,0.9478764478764479,1.0,0.8957528957528957,0.945010183299389,0.0,0.9437586924312431,0.9997654568420229,0.9958275449750789,0.9614,0.9614,0.0386,0.0,0.997919700436863,0.959291288757646,1.0,0.9997801231310466,1.0,0.9266409266409267,0.9652509652509652
system_b_static_neuro_symbolic_v2_corrected,cicids2017_sudden_benign_v1,post_drift,1,12,60000,65000,5000,4736,264,0.0528,4735,1,46,218,0.9906,0.9127732135544635,0.9954337899543378,0.8257575757575758,0.9026915113871635,0.00021114864864864866,0.9021274196991753,0.9980292792792794,0.9736281590853838,0.9712,0.9712,0.0288,0.0,0.9948517298187809,0.9695945945945946,1.0,0.9997822299651568,1.0,0.9015151515151515,0.9090909090909091
system_b_static_neuro_symbolic_v2_corrected,cicids2017_sudden_benign_v1,post_drift,1,13,65000,69270,4270,4055,215,0.05035128805620609,4049,6,32,183,0.9911007025761124,0.9248415679752244,0.9682539682539683,0.8511627906976744,0.905940594059406,0.0014796547472256474,0.9033529319494302,0.9990514151349181,0.983136518871222,0.9463700234192037,0.9463700234192037,0.053629976580796254,0.0,0.9970304380103935,0.9435265104808878,1.0,1.0,1.0,0.8883720930232558,0.9441860465116279
system_b_static_neuro_symbolic_v2_corrected,cicids2017_sudden_benign_v1,post_drift,2,0,0,5000,5000,4742,258,0.0516,4740,2,142,116,0.9712,0.724595320065782,0.9830508474576272,0.4496124031007752,0.6170212765957447,0.00042176296921130323,0.6546081903367696,0.8939740207088887,0.5668494776994342,0.958,0.958,0.042,0.0,0.9991649269311065,0.9886123998312948,1.0,0.9993600682593856,0.3953488372093023,0.9215686274509803,0.9901960784313726
system_b_static_neuro_symbolic_v2_corrected,cicids2017_sudden_benign_v1,post_drift,2,1,5000,10000,5000,4745,255,0.051,4742,3,159,96,0.9676,0.6879191718837165,0.9696969696969697,0.3764705882352941,0.5423728813559322,0.0006322444678609062,0.5935117696260322,0.8940614475505693,0.50388965773404,0.952,0.952,0.048,0.0,0.9995798319327731,0.9856691253951528,1.0,0.9997861877271755,0.3254901960784314,0.9036144578313253,0.9879518072289156
system_b_static_neuro_symbolic_v2_corrected,cicids2017_sudden_benign_v1,post_drift,2,2,10000,15000,5000,4723,277,0.0554,4723,0,162,115,0.9676,0.7075812274368232,1.0,0.4151624548736462,0.5867346938775511,0.0,0.6335570448204353,0.9131494927274242,0.5641895677653347,0.9388,0.9388,0.0612,0.0,0.9995739241585002,0.9743806902392547,1.0,0.9995654063450674,0.33212996389891697,0.9347826086956522,1.0
system_b_static_neuro_symbolic_v2_corrected,cicids2017_sudden_benign_v1,post_drift,2,3,15000,20000,5000,4743,257,0.0514,4741,2,153,104,0.969,0.7021237933272133,0.9811320754716981,0.4046692607003891,0.5730027548209367,0.000421674045962471,0.6196631133729326,0.9222331332432558,0.5500362381394194,0.9492,0.9492,0.0508,0.0,0.9995785924989464,0.9825005270925574,1.0,0.9997854077253219,0.3346303501945525,0.9418604651162791,0.9883720930232558
system_b_static_neuro_symbolic_v2_corrected,cicids2017_sudden_benign_v1,post_drift,2,4,20000,25000,5000,4732,268,0.0536,4732,0,164,104,0.9672,0.6940298507462687,1.0,0.3880597014925373,0.5591397849462365,0.0,0.6124222151926696,0.9456920805944917,0.5989189935210117,0.9526,0.9526,0.0474,0.0,0.9989502414444678,0.9860524091293322,1.0,1.0,0.3619402985074627,0.9175257731958762,0.9484536082474226
system_b_static_neuro_symbolic_v2_corrected,cicids2017_sudden_benign_v1,post_drift,2,5,25000,30000,5000,4768,232,0.0464,4766,2,72,160,0.9852,0.8446178546632724,0.9876543209876543,0.6896551724137931,0.8121827411167513,0.00041946308724832214,0.8188218943896868,0.9926621080189771,0.9103259588778138,0.9732,0.9732,0.0268,0.0,0.9991779695848746,0.9848993288590604,1.0,0.9997870528109029,0.7327586206896551,0.8529411764705882,0.9823529411764705
system_b_static_neuro_symbolic_v2_corrected,cicids2017_sudden_benign_v1,post_drift,2,6,30000,35000,5000,4737,263,0.0526,4731,6,161,102,0.9666,0.6932830375869601,0.9444444444444444,0.38783269961977185,0.5498652291105122,0.001266624445851805,0.5936058914540209,0.9910373076284023,0.8277095390668703,0.9772,0.9772,0.0228,0.0,0.9995906672124437,0.9818450496094575,1.0,1.0,0.8935361216730038,0.3404255319148936,0.9914893617021276
system_b_static_neuro_symbolic_v2_corrected,cicids2017_sudden_benign_v1,post_drift,2,7,35000,40000,5000,4738,262,0.0524,4738,0,148,114,0.9704,0.7175572519083969,1.0,0.4351145038167939,0.6063829787234043,0.0,0.6495649413207544,0.9938180505833943,0.8833019587592471,0.9888,0.9888,0.0112,0.0,0.998584142394822,0.9924018573237653,1.0,0.9995746490854955,0.9236641221374046,0.39669421487603307,0.9793388429752066
system_b_static_neuro_symbolic_v2_corrected,cicids2017_sudden_benign_v1,post_drift,2,8,40000,45000,5000,4739,261,0.0522,4739,0,29,232,0.9942,0.9444444444444444,1.0,0.8888888888888888,0.9411764705882353,0.0,0.9399374850299114,0.9985988928585577,0.9792744315100863,0.9722,0.9722,0.0278,0.0,0.9993828430364122,0.9833298164169656,1.0,0.9995708154506437,0.7701149425287356,0.8756218905472637,0.9950248756218906
system_b_static_neuro_symbolic_v2_corrected,cicids2017_sudden_benign_v1,post_drift,2,9,45000,50000,5000,4756,244,0.0488,4752,4,37,207,0.9918,0.9237598064222587,0.981042654028436,0.8483606557377049,0.9098901098901099,0.0008410428931875525,0.9082427653884624,0.9955302361813896,0.9495768384990027,0.966,0.966,0.034,0.0,0.9989648033126294,0.9745584524810765,1.0,0.9997842502696872,0.7991803278688525,0.8564102564102564,0.9794871794871794
system_b_static_neuro_symbolic_v2_corrected,cicids2017_sudden_benign_v1,post_drift,2,10,50000,55000,5000,4742,258,0.0516,4742,0,31,227,0.9938,0.939922480620155,1.0,0.8798449612403101,0.9360824742268041,0.0,0.9349494559983671,0.9978805593427036,0.9726473801614387,0.9748,0.9748,0.0252,0.0,0.9993844891259746,0.986081822016027,1.0,0.9995722840034217,0.7674418604651163,0.8737373737373737,0.9949494949494949
system_b_static_neuro_symbolic_v2_corrected,cicids2017_sudden_benign_v1,post_drift,2,11,55000,60000,5000,4741,259,0.0518,4741,0,25,234,0.995,0.9517374517374517,1.0,0.9034749034749034,0.949290060851927,0.0,0.9480167382044269,0.9988509014031056,0.9829437658847472,0.9714,0.9714,0.0286,0.0,0.9991764463660696,0.9814385150812065,1.0,0.9997850848914679,0.7876447876447876,0.9068627450980392,0.9852941176470589
system_b_static_neuro_symbolic_v2_corrected,cicids2017_sudden_benign_v1,post_drift,2,12,60000,65000,5000,4736,264,0.0528,4735,1,45,219,0.9908,0.914667152948403,0.9954545454545455,0.8295454545454546,0.9049586776859504,0.00021114864864864866,0.9042992115277334,0.9948788454647829,0.9511342211136723,0.9756,0.9756,0.0244,0.0,0.999179991799918,0.9850084459459459,1.0,0.9995712754555198,0.8068181818181818,0.8779342723004695,0.9906103286384976
system_b_static_neuro_symbolic_v2_corrected,cicids2017_sudden_benign_v1,post_drift,2,13,65000,69270,4270,4055,215,0.05035128805620609,4050,5,32,183,0.9913348946135832,0.9249648725374933,0.973404255319149,0.8511627906976744,0.9081885856079405,0.0012330456226880395,0.9059041787260849,0.9971714506925127,0.9599035478331834,0.9552693208430914,0.9552693208430914,0.04473067915690866,0.0,0.9992645256190242,0.9637484586929717,1.0,0.9997441146366428,0.7953488372093023,0.8596491228070176,0.9883040935672515
system_b_static_neuro_symbolic_v2_corrected,cicids2017_sudden_benign_v1,post_drift,3,0,0,5000,5000,4742,258,0.0516,4742,0,143,115,0.9714,0.7228682170542635,1.0,0.44573643410852715,0.6166219839142091,0.0,0.6577904409344796,0.9970999709016246,0.934131741827302,0.9286,0.9286,0.0714,0.0,0.9995692440232609,0.957612821594264,1.0,0.9997797841885048,0.3953488372093023,0.9215686274509803,0.9901960784313726
system_b_static_neuro_symbolic_v2_corrected,cicids2017_sudden_benign_v1,post_drift,3,1,5000,10000,5000,4745,255,0.051,4744,1,161,94,0.9676,0.6842083514122193,0.9894736842105263,0.3686274509803922,0.5371428571428571,0.00021074815595363542,0.5936715014255252,0.9927048079505775,0.8510429440795146,0.9288,0.9288,0.0712,0.0,0.9995693367786391,0.961222339304531,1.0,0.9997807498355624,0.3254901960784314,0.9036144578313253,0.9879518072289156
system_b_static_neuro_symbolic_v2_corrected,cicids2017_sudden_benign_v1,post_drift,3,2,10000,15000,5000,4723,277,0.0554,4723,0,161,116,0.9678,0.7093862815884476,1.0,0.4187725631768953,0.5903307888040712,0.0,0.6363708168357213,0.9849985209486414,0.8024417043207733,0.9086,0.9086,0.0914,0.0,0.9997798811358133,0.9424094854965065,1.0,1.0,0.33212996389891697,0.9347826086956522,0.9891304347826086
system_b_static_neuro_symbolic_v2_corrected,cicids2017_sudden_benign_v1,post_drift,3,3,15000,20000,5000,4743,257,0.0514,4742,1,157,100,0.9684,0.6944471106713888,0.9900990099009901,0.38910505836575876,0.5586592178770949,0.0002108370229812355,0.6103939315846214,0.9144050909347463,0.5448165553342417,0.9338,0.9338,0.0662,0.0,0.9991432855001071,0.9662660763230023,1.0,0.9997818023128955,0.3346303501945525,0.9418604651162791,0.9651162790697675
system_b_static_neuro_symbolic_v2_corrected,cicids2017_sudden_benign_v1,post_drift,3,4,20000,25000,5000,4732,268,0.0536,4732,0,179,89,0.9642,0.666044776119403,1.0,0.332089552238806,0.49859943977591037,0.0,0.5656724232345692,0.902500914699537,0.5452128554967828,0.9294,0.9294,0.0706,0.0,0.995696148052507,0.9613271344040575,1.0,1.0,0.3656716417910448,0.9081632653061225,0.7959183673469388
system_b_static_neuro_symbolic_v2_corrected,cicids2017_sudden_benign_v1,post_drift,3,5,25000,30000,5000,4768,232,0.0464,4768,0,78,154,0.9844,0.8318965517241379,1.0,0.6637931034482759,0.7979274611398963,0.0,0.8081515057338241,0.9904020698333719,0.9052795455736259,0.9514,0.9514,0.0486,0.0,0.9978978347698129,0.9620385906040269,1.0,1.0,0.7327586206896551,0.8529411764705882,0.9411764705882353
system_b_static_neuro_symbolic_v2_corrected,cicids2017_sudden_benign_v1,post_drift,3,6,30000,35000,5000,4737,263,0.0526,4737,0,160,103,0.968,0.6958174904942966,1.0,0.3916349809885932,0.5628415300546448,0.0,0.6154990379707321,0.9970164492615772,0.9293063578346582,0.9526,0.9526,0.0474,0.0,0.9995800965777871,0.9563014566181127,1.0,1.0,0.8859315589353612,0.34334763948497854,0.9914163090128756
system_b_static_neuro_symbolic_v2_corrected,cicids2017_sudden_benign_v1,post_drift,3,7,35000,40000,5000,4738,262,0.0524,4738,0,149,113,0.9702,0.7156488549618321,1.0,0.4312977099236641,0.6026666666666667,0.0,0.6466435272733362,0.9975494539841915,0.9483639183417147,0.9654,0.9654,0.0346,0.0,0.9985498239071887,0.9683410721823554,1.0,0.9995640802092415,0.9122137404580153,0.401673640167364,0.9790794979079498
system_b_static_neuro_symbolic_v2_corrected,cicids2017_sudden_benign_v1,post_drift,3,8,40000,45000,5000,4739,261,0.0522,4739,0,34,227,0.9932,0.9348659003831418,1.0,0.8697318007662835,0.930327868852459,0.0,0.9292665662265697,0.9994170812181304,0.9897864318029658,0.9538,0.9538,0.0462,0.0,0.9989515621723631,0.9639164380671028,1.0,0.9997810858143608,0.7701149425287356,0.8756218905472637,0.9800995024875622
system_b_static_neuro_symbolic_v2_corrected,cicids2017_sudden_benign_v1,post_drift,3,9,45000,50000,5000,4756,244,0.0488,4756,0,45,199,0.991,0.9077868852459017,1.0,0.8155737704918032,0.8984198645598194,0.0,0.8988489077587926,0.9979344469108908,0.968959243249786,0.9444,0.9444,0.0556,0.0,0.9991529013130029,0.9518502943650126,1.0,1.0,0.7991803278688525,0.8564102564102564,0.9794871794871794
system_b_static_neuro_symbolic_v2_corrected,cicids2017_sudden_benign_v1,post_drift,3,10,50000,55000,5000,4742,258,0.0516,4742,0,34,224,0.9932,0.9341085271317829,1.0,0.8682170542635659,0.9294605809128631,0.0,0.9284590888074499,0.9990379553977486,0.9841486510046631,0.9494,0.9494,0.0506,0.0,0.9989467031809564,0.9592998734711092,1.0,1.0,0.7674418604651163,0.8737373737373737,0.9747474747474747
system_b_static_neuro_symbolic_v2_corrected,cicids2017_sudden_benign_v1,post_drift,3,11,55000,60000,5000,4741,259,0.0518,4741,0,28,231,0.9944,0.9459459459459459,1.0,0.8918918918918919,0.9428571428571428,0.0,0.9416237942964317,0.9996115378946004,0.993434705218098,0.9504,0.9504,0.0496,0.0,0.9987373737373737,0.959291288757646,1.0,0.9997801231310466,0.7876447876447876,0.9068627450980392,0.9754901960784313
system_b_static_neuro_symbolic_v2_corrected,cicids2017_sudden_benign_v1,post_drift,3,12,60000,65000,5000,4736,264,0.0528,4736,0,55,209,0.989,0.8958333333333333,1.0,0.7916666666666666,0.8837209302325582,0.0,0.8846346396658863,0.9978581209049959,0.970442122897552,0.9626,0.9626,0.0374,0.0,0.9985456056513609,0.9714949324324325,1.0,0.9997826559443599,0.803030303030303,0.8773584905660378,0.9716981132075472
system_b_static_neuro_symbolic_v2_corrected,cicids2017_sudden_benign_v1,post_drift,3,13,65000,69270,4270,4055,215,0.05035128805620609,4053,2,42,173,0.9896955503512881,0.9020789722708112,0.9885714285714285,0.8046511627906977,0.8871794871794871,0.0004932182490752158,0.8869722623861498,0.9990170045594013,0.9825384119230646,0.9374707259953161,0.9374707259953161,0.06252927400468385,0.0,0.9985011241568823,0.9450061652281134,1.0,1.0,0.7953488372093023,0.8596491228070176,0.9649122807017544
system_b_static_neuro_symbolic_v2_corrected,cicids2017_sudden_benign_v1,post_drift,4,0,0,5000,5000,4742,258,0.0516,4740,2,144,114,0.9708,0.7207193510735339,0.9827586206896551,0.4418604651162791,0.6096256684491979,0.00042176296921130323,0.6487004688849761,0.9974522574127295,0.941038731121604,0.9326,0.9326,0.0674,0.0,0.9993566373579241,0.961830451286377,1.0,0.9997807498355624,0.3953488372093023,0.9215686274509803,0.9803921568627451
system_b_static_neuro_symbolic_v2_corrected,cicids2017_sudden_benign_v1,post_drift,4,1,5000,10000,5000,4745,255,0.051,4741,4,161,94,0.967,0.6838922291782888,0.9591836734693877,0.3686274509803922,0.5325779036827195,0.0008429926238145417,0.5836894993885676,0.9958767743135188,0.9007575574290518,0.9316,0.9316,0.0684,0.0,0.9993559467582653,0.964172813487882,1.0,0.9995628415300546,0.3254901960784314,0.9036144578313253,0.9879518072289156
system_b_static_neuro_symbolic_v2_corrected,cicids2017_sudden_benign_v1,post_drift,4,2,10000,15000,5000,4723,277,0.0554,4722,1,163,114,0.9672,0.7056703083688318,0.991304347826087,0.41155234657039713,0.5816326530612245,0.00021172983273343214,0.6277247436410041,0.9946723576384403,0.8972808629282556,0.9132,0.9132,0.0868,0.0,0.9993429697766097,0.9472792716493754,1.0,1.0,0.33212996389891697,0.9347826086956522,0.967391304347826
system_b_static_neuro_symbolic_v2_corrected,cicids2017_sudden_benign_v1,post_drift,4,3,15000,20000,5000,4743,257,0.0514,4742,1,157,100,0.9684,0.6944471106713888,0.9900990099009901,0.38910505836575876,0.5586592178770949,0.0002108370229812355,0.6103939315846214,0.9480799474302084,0.6011885668427406,0.9366,0.9366,0.0634,0.0,0.9987187700192185,0.9692177946447396,1.0,0.999782466826191,0.3346303501945525,0.9418604651162791,0.9418604651162791
system_b_static_neuro_symbolic_v2_corrected,cicids2017_sudden_benign_v1,post_drift,4,4,20000,25000,5000,4732,268,0.0536,4732,0,183,85,0.9634,0.6585820895522388,1.0,0.31716417910447764,0.48158640226628896,0.0,0.5525895563681963,0.9022272933725286,0.5476449876773279,0.9326,0.9326,0.0674,0.0,0.995067553077418,0.9647083685545224,1.0,1.0,0.3656716417910448,0.9081632653061225,0.7653061224489796
system_b_static_neuro_symbolic_v2_corrected,cicids2017_sudden_benign_v1,post_drift,4,5,25000,30000,5000,4768,232,0.0464,4766,2,76,156,0.9844,0.8359971650081,0.9873417721518988,0.6724137931034483,0.8,0.00041946308724832214,0.8080473093274867,0.9906687543392733,0.9125692470563699,0.9516,0.9516,0.0484,0.0,0.9976881042454813,0.962248322147651,1.0,1.0,0.7327586206896551,0.8529411764705882,0.9352941176470588
system_b_static_neuro_symbolic_v2_corrected,cicids2017_sudden_benign_v1,post_drift,4,6,30000,35000,5000,4737,263,0.0526,4732,5,164,99,0.9662,0.6876851675708824,0.9519230769230769,0.376425855513308,0.5395095367847411,0.0010555203715431707,0.5871541576851754,0.9931258734130071,0.8636903038297756,0.9538,0.9538,0.0462,0.0,0.9991612497378906,0.9571458729153473,1.0,1.0,0.8935361216730038,0.3404255319148936,0.9829787234042553
system_b_static_neuro_symbolic_v2_corrected,cicids2017_sudden_benign_v1,post_drift,4,7,35000,40000,5000,4738,262,0.0524,4738,0,152,110,0.9696,0.7099236641221374,1.0,0.4198473282442748,0.5913978494623656,0.0,0.6378062865364964,0.9955194158645868,0.9085528151830793,0.9672,0.9672,0.0328,0.0,0.9981389578163772,0.9696074292950612,1.0,0.999782324771441,0.9236641221374046,0.39669421487603307,0.9669421487603306
system_b_static_neuro_symbolic_v2_corrected,cicids2017_sudden_benign_v1,post_drift,4,8,40000,45000,5000,4739,261,0.0522,4739,0,31,230,0.9938,0.9406130268199233,1.0,0.8812260536398467,0.9368635437881874,0.0,0.9356810396755002,0.9995399711693707,0.9918241479454727,0.9554,0.9554,0.0446,0.0,0.9979066359639941,0.9656045579236125,1.0,0.9997814685314685,0.7701149425287356,0.8756218905472637,0.9552238805970149
system_b_static_neuro_symbolic_v2_corrected,cicids2017_sudden_benign_v1,post_drift,4,9,45000,50000,5000,4756,244,0.0488,4753,3,45,199,0.9904,0.9074714941609563,0.9851485148514851,0.8155737704918032,0.8923766816143498,0.0006307821698906644,0.8917379656717773,0.9983670324973459,0.9733964187426954,0.9458,0.9458,0.0542,0.0,0.9991541552125185,0.9533221194280909,1.0,0.9997794441993825,0.7991803278688525,0.8564102564102564,0.9846153846153847
system_b_static_neuro_symbolic_v2_corrected,cicids2017_sudden_benign_v1,post_drift,4,10,50000,55000,5000,4742,258,0.0516,4741,1,40,218,0.9918,0.922375179412736,0.9954337899543378,0.8449612403100775,0.9140461215932913,0.00021088148460565162,0.9131404542351489,0.9991981599364413,0.9860507466925974,0.9518,0.9518,0.0482,0.0,0.9991594872872452,0.961830451286377,1.0,1.0,0.7674418604651163,0.8737373737373737,0.9797979797979798
system_b_static_neuro_symbolic_v2_corrected,cicids2017_sudden_benign_v1,post_drift,4,11,55000,60000,5000,4741,259,0.0518,4741,0,29,230,0.9942,0.944015444015444,1.0,0.888030888030888,0.9406952965235174,0.0,0.9394849429893256,0.9997711575437793,0.9958093667560216,0.9522,0.9522,0.0478,0.0,0.9983196807393405,0.9611896224425227,1.0,0.999780557384244,0.7876447876447876,0.9068627450980392,0.9656862745098039
system_b_static_neuro_symbolic_v2_corrected,cicids2017_sudden_benign_v1,post_drift,4,12,60000,65000,5000,4736,264,0.0528,4735,1,56,208,0.9886,0.8938338196150696,0.9952153110047847,0.7878787878787878,0.879492600422833,0.00021114864864864866,0.8801659935244213,0.9983707962223587,0.9756841785977104,0.9618,0.9618,0.0382,0.0,0.9964649615304637,0.9708614864864865,1.0,0.9995650282731623,0.7992424242424242,0.8767772511848341,0.9289099526066351
system_b_static_neuro_symbolic_v2_corrected,cicids2017_sudden_benign_v1,post_drift,4,13,65000,69270,4270,4055,215,0.05035128805620609,4049,6,45,170,0.988056206088993,0.8946090098356895,0.9659090909090909,0.7906976744186046,0.8695652173913043,0.0014796547472256474,0.868123272363991,0.9991076190749291,0.9821291959779503,0.9370023419203747,0.9370023419203747,0.06299765807962529,0.0,0.9977505623594102,0.9445129469790382,1.0,1.0,0.7953488372093023,0.8596491228070176,0.9473684210526315
