system_id,scenario_id,scenario_version,seed,epoch,training_loss,development_average_precision,is_best_epoch
system_a_static_neural_v1,cicids2017_sudden_benign_v1,1,0,1,0.21504744873753423,0.44577012355279905,False
system_a_static_neural_v1,cicids2017_sudden_benign_v1,1,0,2,0.10123949976925344,0.5496381090740433,False
system_a_static_neural_v1,cicids2017_sudden_benign_v1,1,0,3,0.0788560635037429,0.5171032389496939,False
system_a_static_neural_v1,cicids2017_sudden_benign_v1,1,0,4,0.06916596464097793,0.5842016955176207,False
system_a_static_neural_v1,cicids2017_sudden_benign_v1,1,0,5,0.06190954649627428,0.5822829552205503,False
system_a_static_neural_v1,cicids2017_sudden_benign_v1,1,0,6,0.057046486092712075,0.6327122503863468,False
system_a_static_neural_v1,cicids2017_sudden_benign_v1,1,0,7,0.052848776469941204,0.6058473889993207,False
system_a_static_neural_v1,cicids2017_sudden_benign_v1,1,0,8,0.04947362266093979,0.6257423063467419,False
system_a_static_neural_v1,cicids2017_sudden_benign_v1,1,0,9,0.04624052823793775,0.6328222440232462,False
system_a_static_neural_v1,cicids2017_sudden_benign_v1,1,0,10,0.043172849518803534,0.6267508782479169,False
system_a_static_neural_v1,cicids2017_sudden_benign_v1,1,0,11,0.041634217394835554,0.6330945712650585,False
system_a_static_neural_v1,cicids2017_sudden_benign_v1,1,0,12,0.040312551494663576,0.8124273968583404,True
system_a_static_neural_v1,cicids2017_sudden_benign_v1,1,0,13,0.039694017328296805,0.6391347951587939,False
system_a_static_neural_v1,cicids2017_sudden_benign_v1,1,0,14,0.03731750026092013,0.6432380944966718,False
system_a_static_neural_v1,cicids2017_sudden_benign_v1,1,0,15,0.03666868719713716,0.662815262672644,False
system_a_static_neural_v1,cicids2017_sudden_benign_v1,1,1,1,0.21936993264219143,0.4504348109218472,False
system_a_static_neural_v1,cicids2017_sudden_benign_v1,1,1,2,0.104064962903793,0.5103522353091546,False
system_a_static_neural_v1,cicids2017_sudden_benign_v1,1,1,3,0.07866678098516643,0.5798552939797093,False
system_a_static_neural_v1,cicids2017_sudden_benign_v1,1,1,4,0.0670187550347416,0.557920099944869,False
system_a_static_neural_v1,cicids2017_sudden_benign_v1,1,1,5,0.059843974956345324,0.5971153496560397,False
system_a_static_neural_v1,cicids2017_sudden_benign_v1,1,1,6,0.05455339587071303,0.61388109200605,False
system_a_static_neural_v1,cicids2017_sudden_benign_v1,1,1,7,0.05038883045011809,0.6116927780679927,False
system_a_static_neural_v1,cicids2017_sudden_benign_v1,1,1,8,0.04697014848960666,0.5976124013938633,False
system_a_static_neural_v1,cicids2017_sudden_benign_v1,1,1,9,0.04363591444819747,0.6502795856199554,False
system_a_static_neural_v1,cicids2017_sudden_benign_v1,1,1,10,0.041706624751402854,0.6513818294414179,False
system_a_static_neural_v1,cicids2017_sudden_benign_v1,1,1,11,0.03913560963089021,0.6653501567297323,False
system_a_static_neural_v1,cicids2017_sudden_benign_v1,1,1,12,0.0374636340502879,0.6543707833937238,False
system_a_static_neural_v1,cicids2017_sudden_benign_v1,1,1,13,0.036446108605326204,0.7391125033993515,True
system_a_static_neural_v1,cicids2017_sudden_benign_v1,1,1,14,0.03545678114967502,0.6539804983034528,False
system_a_static_neural_v1,cicids2017_sudden_benign_v1,1,1,15,0.0332982727366223,0.6537158255165616,False
system_a_static_neural_v1,cicids2017_sudden_benign_v1,1,1,16,0.03424763100143945,0.6660158285715903,False
system_a_static_neural_v1,cicids2017_sudden_benign_v1,1,2,1,0.22056899931273383,0.4458181761187304,False
system_a_static_neural_v1,cicids2017_sudden_benign_v1,1,2,2,0.10125369445091993,0.5462013871297033,False
system_a_static_neural_v1,cicids2017_sudden_benign_v1,1,2,3,0.07874580966880906,0.5833565981309271,False
system_a_static_neural_v1,cicids2017_sudden_benign_v1,1,2,4,0.06771409165232634,0.611827432107902,True
system_a_static_neural_v1,cicids2017_sudden_benign_v1,1,2,5,0.06107244222535351,0.589112171180516,False
system_a_static_neural_v1,cicids2017_sudden_benign_v1,1,2,6,0.055183729993845264,0.5833367351699663,False
system_a_static_neural_v1,cicids2017_sudden_benign_v1,1,2,7,0.05123398181433826,0.6044798885816389,False
system_a_static_neural_v1,cicids2017_sudden_benign_v1,1,3,1,0.23856822050393992,0.4071971584197111,False
system_a_static_neural_v1,cicids2017_sudden_benign_v1,1,3,2,0.10985961997547339,0.5084459001032858,False
system_a_static_neural_v1,cicids2017_sudden_benign_v1,1,3,3,0.08272772189878536,0.5419362932690043,False
system_a_static_neural_v1,cicids2017_sudden_benign_v1,1,3,4,0.07095660007796492,0.6072232897404843,False
system_a_static_neural_v1,cicids2017_sudden_benign_v1,1,3,5,0.06359278911484138,0.5549339167321746,False
system_a_static_neural_v1,cicids2017_sudden_benign_v1,1,3,6,0.05676244344924399,0.6159024200406249,False
system_a_static_neural_v1,cicids2017_sudden_benign_v1,1,3,7,0.0520976073336115,0.6396432701862961,False
system_a_static_neural_v1,cicids2017_sudden_benign_v1,1,3,8,0.048938317741155146,0.6322775327800988,False
system_a_static_neural_v1,cicids2017_sudden_benign_v1,1,3,9,0.04504109574444815,0.5855345459148996,False
system_a_static_neural_v1,cicids2017_sudden_benign_v1,1,3,10,0.04248550009644651,0.6596294123142927,False
system_a_static_neural_v1,cicids2017_sudden_benign_v1,1,3,11,0.04079518018971032,0.6460540009598996,False
system_a_static_neural_v1,cicids2017_sudden_benign_v1,1,3,12,0.038943746580688644,0.6627792780509939,False
system_a_static_neural_v1,cicids2017_sudden_benign_v1,1,3,13,0.036781072695958476,0.6661471960375525,False
system_a_static_neural_v1,cicids2017_sudden_benign_v1,1,3,14,0.03656684740535826,0.6670492334511233,False
system_a_static_neural_v1,cicids2017_sudden_benign_v1,1,3,15,0.037020343857581045,0.6629698164901789,False
system_a_static_neural_v1,cicids2017_sudden_benign_v1,1,3,16,0.03550916145039614,0.680907772549766,False
system_a_static_neural_v1,cicids2017_sudden_benign_v1,1,3,17,0.03293855014828467,0.7283215616117069,True
system_a_static_neural_v1,cicids2017_sudden_benign_v1,1,3,18,0.033044429847462274,0.6565522979818937,False
system_a_static_neural_v1,cicids2017_sudden_benign_v1,1,3,19,0.03187276805833601,0.6827055070080592,False
system_a_static_neural_v1,cicids2017_sudden_benign_v1,1,3,20,0.03200217651639499,0.6783088844615809,False
system_a_static_neural_v1,cicids2017_sudden_benign_v1,1,4,1,0.235842027073885,0.443839457675109,False
system_a_static_neural_v1,cicids2017_sudden_benign_v1,1,4,2,0.10673542898052094,0.48645179279655715,False
system_a_static_neural_v1,cicids2017_sudden_benign_v1,1,4,3,0.08085999771098228,0.5568694044447166,False
system_a_static_neural_v1,cicids2017_sudden_benign_v1,1,4,4,0.0700194024437566,0.6082819740567744,False
system_a_static_neural_v1,cicids2017_sudden_benign_v1,1,4,5,0.06209722485202896,0.5888771141803208,False
system_a_static_neural_v1,cicids2017_sudden_benign_v1,1,4,6,0.056711372865369154,0.6428340526333853,False
system_a_static_neural_v1,cicids2017_sudden_benign_v1,1,4,7,0.05194283646519384,0.638972902143254,False
system_a_static_neural_v1,cicids2017_sudden_benign_v1,1,4,8,0.048049653353443085,0.5288090930898195,False
system_a_static_neural_v1,cicids2017_sudden_benign_v1,1,4,9,0.045030224874100924,0.6542339555778078,False
system_a_static_neural_v1,cicids2017_sudden_benign_v1,1,4,10,0.04266424314096892,0.6388206936048072,False
system_a_static_neural_v1,cicids2017_sudden_benign_v1,1,4,11,0.04015186541238132,0.665040936334752,False
system_a_static_neural_v1,cicids2017_sudden_benign_v1,1,4,12,0.03856138173553563,0.6751843059560115,False
system_a_static_neural_v1,cicids2017_sudden_benign_v1,1,4,13,0.03729574644493731,0.6506865535256826,False
system_a_static_neural_v1,cicids2017_sudden_benign_v1,1,4,14,0.03558546839624285,0.6592619779145352,False
system_a_static_neural_v1,cicids2017_sudden_benign_v1,1,4,15,0.0344481862785377,0.69406022055624,True
system_a_static_neural_v1,cicids2017_sudden_benign_v1,1,4,16,0.033552741983089995,0.6486120197725493,False
system_a_static_neural_v1,cicids2017_sudden_benign_v1,1,4,17,0.03423982780137546,0.6474612739095392,False
system_a_static_neural_v1,cicids2017_sudden_benign_v1,1,4,18,0.033240659079721485,0.6834647906366338,False
