system_id,scenario_id,scenario_version,partition,seed,threshold,window_index,row_start,row_end,sample_count,benign_count,attack_count,attack_prevalence,tn,fp,fn,tp,accuracy,balanced_accuracy,precision,recall,f1,fpr,mcc,roc_auc,average_precision
system_a_static_neural_v1,cicids2017_sudden_benign_v1,1,pre_drift,0,0.939024031162262,0,0,5000,5000,4746,254,0.0508,4740,6,189,65,0.961,0.6273206446539314,0.9154929577464789,0.2559055118110236,0.4,0.0012642225031605564,0.4726078885157041,0.9973073056133471,0.9327512744015896
system_a_static_neural_v1,cicids2017_sudden_benign_v1,1,pre_drift,0,0.939024031162262,1,5000,10000,5000,4740,260,0.052,4737,3,151,109,0.9692,0.7092989289191821,0.9732142857142857,0.41923076923076924,0.5860215053763441,0.0006329113924050633,0.6280558083598825,0.9978132099967544,0.9515324293239293
system_a_static_neural_v1,cicids2017_sudden_benign_v1,1,pre_drift,0,0.939024031162262,2,10000,15000,5000,4732,268,0.0536,4728,4,135,133,0.9722,0.7477116740894009,0.9708029197080292,0.4962686567164179,0.6567901234567901,0.0008453085376162299,0.6835240763167846,0.9968182649726851,0.93984893151138
system_a_static_neural_v1,cicids2017_sudden_benign_v1,1,pre_drift,0,0.939024031162262,3,15000,20000,5000,4745,255,0.051,4740,5,118,137,0.9754,0.7681005805905081,0.9647887323943662,0.5372549019607843,0.690176322418136,0.001053740779768177,0.7101384392543003,0.996368520010744,0.9299213711521231
system_a_static_neural_v1,cicids2017_sudden_benign_v1,1,pre_drift,0,0.939024031162262,4,20000,25000,5000,4736,264,0.0528,4734,2,174,90,0.9648,0.6702433968058968,0.9782608695652174,0.3409090909090909,0.5056179775280899,0.0004222972972972973,0.56658084956947,0.9955738764332513,0.9080587096339565
system_a_static_neural_v1,cicids2017_sudden_benign_v1,1,pre_drift,0,0.939024031162262,5,25000,30000,5000,4748,252,0.0504,4742,6,157,95,0.9674,0.6878602185047005,0.9405940594059405,0.376984126984127,0.5382436260623229,0.0012636899747262005,0.5842598430667857,0.9941771639855044,0.881861231800806
system_a_static_neural_v1,cicids2017_sudden_benign_v1,1,pre_drift,0,0.939024031162262,6,30000,35000,5000,4734,266,0.0532,4730,4,161,105,0.967,0.6969459453449848,0.963302752293578,0.39473684210526316,0.56,0.0008449514152936206,0.6053686192932094,0.9916426046103852,0.8565194617382126
system_a_static_neural_v1,cicids2017_sudden_benign_v1,1,pre_drift,0,0.939024031162262,7,35000,40000,5000,4730,270,0.054,4728,2,203,67,0.959,0.6238626575835878,0.9710144927536232,0.24814814814814815,0.3952802359882006,0.00042283298097251583,0.479944252735023,0.9590916921149479,0.5810804752215795
system_a_static_neural_v1,cicids2017_sudden_benign_v1,1,pre_drift,0,0.939024031162262,8,40000,45000,5000,4755,245,0.049,4750,5,145,100,0.97,0.7035558702976459,0.9523809523809523,0.40816326530612246,0.5714285714285714,0.0010515247108307045,0.6129159628132882,0.97957724414687,0.7872920521477553
system_a_static_neural_v1,cicids2017_sudden_benign_v1,1,pre_drift,0,0.939024031162262,9,45000,50000,5000,4739,261,0.0522,4737,2,28,233,0.994,0.9461491382746412,0.9914893617021276,0.89272030651341,0.9395161290322581,0.00042202996412745304,0.9377957895759415,0.9972737834501192,0.9796277437745683
system_a_static_neural_v1,cicids2017_sudden_benign_v1,1,pre_drift,0,0.939024031162262,10,50000,55000,5000,4724,276,0.0552,4722,2,49,227,0.9898,0.91102019904527,0.9912663755458515,0.822463768115942,0.899009900990099,0.0004233700254022015,0.8980079820197601,0.9996632981138558,0.9941860921290478
system_a_static_neural_v1,cicids2017_sudden_benign_v1,1,pre_drift,0,0.939024031162262,11,55000,60000,5000,4760,240,0.048,4754,6,39,201,0.991,0.9181197478991596,0.9710144927536232,0.8375,0.8993288590604027,0.0012605042016806723,0.897327309788212,0.9990703781512605,0.9804320555989102
system_a_static_neural_v1,cicids2017_sudden_benign_v1,1,pre_drift,0,0.939024031162262,12,60000,65000,5000,4745,255,0.051,4736,9,53,202,0.9876,0.8951300646707576,0.957345971563981,0.792156862745098,0.8669527896995708,0.0018967334035827187,0.8647580701295354,0.9980983078162772,0.9675582676374165
system_a_static_neural_v1,cicids2017_sudden_benign_v1,1,pre_drift,0,0.939024031162262,13,65000,69260,4260,4037,223,0.05234741784037559,4037,0,103,120,0.9758215962441315,0.7690582959641256,1.0,0.5381165919282511,0.6997084548104956,0.0,0.7243815755916259,0.9942227223296614,0.898780588178774
system_a_static_neural_v1,cicids2017_sudden_benign_v1,1,pre_drift,1,0.9333740472793579,0,0,5000,5000,4746,254,0.0508,4740,6,170,84,0.9648,0.6647222194570811,0.9333333333333333,0.33070866141732286,0.4883720930232558,0.0012642225031605564,0.5441277880406116,0.9974922935518016,0.9393668198361144
system_a_static_neural_v1,cicids2017_sudden_benign_v1,1,pre_drift,1,0.9333740472793579,1,5000,10000,5000,4740,260,0.052,4737,3,142,118,0.971,0.7266066212268744,0.9752066115702479,0.45384615384615384,0.6194225721784777,0.0006329113924050633,0.6548175968504509,0.9980176890619928,0.9534459684816696
system_a_static_neural_v1,cicids2017_sudden_benign_v1,1,pre_drift,1,0.9333740472793579,2,10000,15000,5000,4732,268,0.0536,4726,6,128,140,0.9732,0.7605600484475341,0.958904109589041,0.5223880597014925,0.6763285024154589,0.001267962806424345,0.6971099363800657,0.9979979119617466,0.9576453670098853
system_a_static_neural_v1,cicids2017_sudden_benign_v1,1,pre_drift,1,0.9333740472793579,3,15000,20000,5000,4745,255,0.051,4740,5,112,143,0.9766,0.779865286472861,0.9662162162162162,0.5607843137254902,0.7096774193548387,0.001053740779768177,0.7265675105271255,0.9979288828281576,0.955594492922189
system_a_static_neural_v1,cicids2017_sudden_benign_v1,1,pre_drift,1,0.9333740472793579,4,20000,25000,5000,4736,264,0.0528,4734,2,167,97,0.9662,0.6835009725634726,0.9797979797979798,0.36742424242424243,0.5344352617079889,0.0004222972972972973,0.5891369035105088,0.9979612958128583,0.9502739679667644
system_a_static_neural_v1,cicids2017_sudden_benign_v1,1,pre_drift,1,0.9333740472793579,5,25000,30000,5000,4748,252,0.0504,4742,6,153,99,0.9682,0.6957967264412084,0.9428571428571428,0.39285714285714285,0.5546218487394958,0.0012636899747262005,0.5974754294408267,0.9972745416616521,0.9345828121766219
system_a_static_neural_v1,cicids2017_sudden_benign_v1,1,pre_drift,1,0.9333740472793579,6,30000,35000,5000,4734,266,0.0532,4730,4,151,115,0.969,0.7157429378261878,0.9663865546218487,0.4323308270676692,0.5974025974025974,0.0008449514152936206,0.635321634562649,0.9974079685906782,0.9449156046226833
system_a_static_neural_v1,cicids2017_sudden_benign_v1,1,pre_drift,1,0.9333740472793579,7,35000,40000,5000,4730,270,0.054,4728,2,201,69,0.9594,0.6275663612872915,0.971830985915493,0.25555555555555554,0.4046920821114369,0.00042283298097251583,0.48738261359097584,0.9802638791010885,0.7560046176195326
system_a_static_neural_v1,cicids2017_sudden_benign_v1,1,pre_drift,1,0.9333740472793579,8,40000,45000,5000,4755,245,0.049,4749,6,132,113,0.9724,0.7299813300714608,0.9495798319327731,0.46122448979591835,0.6208791208791209,0.0012618296529968455,0.6514078611469843,0.9828983454580571,0.8053627283320648
system_a_static_neural_v1,cicids2017_sudden_benign_v1,1,pre_drift,1,0.9333740472793579,9,45000,50000,5000,4739,261,0.0522,4737,2,21,240,0.9954,0.9595590999604651,0.9917355371900827,0.9195402298850575,0.9542743538767395,0.00042202996412745304,0.952609859299806,0.9973093568570571,0.9801133946892996
system_a_static_neural_v1,cicids2017_sudden_benign_v1,1,pre_drift,1,0.9333740472793579,10,50000,55000,5000,4724,276,0.0552,4722,2,39,237,0.9918,0.9291361410742555,0.9916317991631799,0.8586956521739131,0.920388349514563,0.0004233700254022015,0.9187271093838025,0.999798285658187,0.996499103507646
system_a_static_neural_v1,cicids2017_sudden_benign_v1,1,pre_drift,1,0.9333740472793579,11,55000,60000,5000,4760,240,0.048,4754,6,28,212,0.9932,0.9410364145658263,0.9724770642201835,0.8833333333333333,0.925764192139738,0.0012605042016806723,0.9233800964352132,0.999359243697479,0.9874523175565161
system_a_static_neural_v1,cicids2017_sudden_benign_v1,1,pre_drift,1,0.9333740472793579,12,60000,65000,5000,4745,255,0.051,4736,9,41,214,0.99,0.9186594764354635,0.9596412556053812,0.8392156862745098,0.895397489539749,0.0018967334035827187,0.8923784378875111,0.9989859294613526,0.9804552354953328
system_a_static_neural_v1,cicids2017_sudden_benign_v1,1,pre_drift,1,0.9333740472793579,13,65000,69260,4260,4037,223,0.05234741784037559,4037,0,99,124,0.9767605633802817,0.7780269058295964,1.0,0.5560538116591929,0.7146974063400576,0.0,0.7367116213118,0.9983071387868495,0.9635689813309609
system_a_static_neural_v1,cicids2017_sudden_benign_v1,1,pre_drift,2,0.9121250510215759,0,0,5000,5000,4746,254,0.0508,4739,7,148,106,0.969,0.707923954195991,0.9380530973451328,0.41732283464566927,0.5776566757493188,0.0014749262536873156,0.6144051614529068,0.7532941125722117,0.6603371395093456
system_a_static_neural_v1,cicids2017_sudden_benign_v1,1,pre_drift,2,0.9121250510215759,1,5000,10000,5000,4740,260,0.052,4736,4,140,120,0.9712,0.7303472898409608,0.967741935483871,0.46153846153846156,0.625,0.0008438818565400844,0.6577278876751746,0.683115871470302,0.5596647463159898
system_a_static_neural_v1,cicids2017_sudden_benign_v1,1,pre_drift,2,0.9121250510215759,2,10000,15000,5000,4732,268,0.0536,4728,4,129,139,0.9734,0.7589057039401471,0.972027972027972,0.5186567164179104,0.6763990267639902,0.0008453085376162299,0.6996958670703685,0.8387345289612798,0.687153934152949
system_a_static_neural_v1,cicids2017_sudden_benign_v1,1,pre_drift,2,0.9121250510215759,3,15000,20000,5000,4745,255,0.051,4739,6,113,142,0.9762,0.7777991280811587,0.9594594594594594,0.5568627450980392,0.7047146401985112,0.0012644889357218123,0.721203488508055,0.8633103989751855,0.6897805382249347
system_a_static_neural_v1,cicids2017_sudden_benign_v1,1,pre_drift,2,0.9121250510215759,4,20000,25000,5000,4736,264,0.0528,4734,2,174,90,0.9648,0.6702433968058968,0.9782608695652174,0.3409090909090909,0.5056179775280899,0.0004222972972972973,0.56658084956947,0.8752927288083538,0.5736904262481342
system_a_static_neural_v1,cicids2017_sudden_benign_v1,1,pre_drift,2,0.9121250510215759,5,25000,30000,5000,4748,252,0.0504,4742,6,153,99,0.9682,0.6957967264412084,0.9428571428571428,0.39285714285714285,0.5546218487394958,0.0012636899747262005,0.5974754294408267,0.9216687728166245,0.6038746854677272
system_a_static_neural_v1,cicids2017_sudden_benign_v1,1,pre_drift,2,0.9121250510215759,6,30000,35000,5000,4734,266,0.0532,4729,5,155,111,0.968,0.7081185219067949,0.9568965517241379,0.41729323308270677,0.581151832460733,0.0010561892691170257,0.620552959733114,0.9454061325684299,0.649918481297187
system_a_static_neural_v1,cicids2017_sudden_benign_v1,1,pre_drift,2,0.9121250510215759,7,35000,40000,5000,4730,270,0.054,4728,2,201,69,0.9594,0.6275663612872915,0.971830985915493,0.25555555555555554,0.4046920821114369,0.00042283298097251583,0.48738261359097584,0.9341367159971812,0.48026601247118184
system_a_static_neural_v1,cicids2017_sudden_benign_v1,1,pre_drift,2,0.9121250510215759,8,40000,45000,5000,4755,245,0.049,4750,5,132,113,0.9726,0.7300864825425438,0.9576271186440678,0.46122448979591835,0.6225895316804407,0.0010515247108307045,0.6543943065010199,0.9832966372668941,0.820969140577084
system_a_static_neural_v1,cicids2017_sudden_benign_v1,1,pre_drift,2,0.9121250510215759,9,45000,50000,5000,4739,261,0.0522,4736,3,27,234,0.994,0.9479593395958699,0.9873417721518988,0.896551724137931,0.9397590361445783,0.0006330449461911796,0.9378162109950064,0.9976998558468533,0.9772981779302584
system_a_static_neural_v1,cicids2017_sudden_benign_v1,1,pre_drift,2,0.9121250510215759,10,50000,55000,5000,4724,276,0.0552,4721,3,42,234,0.991,0.9235955159592092,0.9873417721518988,0.8478260869565217,0.9122807017543859,0.0006350550381033022,0.9104924975641172,0.9992951502656802,0.9887626797184286
system_a_static_neural_v1,cicids2017_sudden_benign_v1,1,pre_drift,2,0.9121250510215759,11,55000,60000,5000,4760,240,0.048,4752,8,38,202,0.9908,0.9199929971988796,0.9619047619047619,0.8416666666666667,0.8977777777777778,0.0016806722689075631,0.8951663286584803,0.9984392507002801,0.9721787974939796
system_a_static_neural_v1,cicids2017_sudden_benign_v1,1,pre_drift,2,0.9121250510215759,12,60000,65000,5000,4745,255,0.051,4736,9,50,205,0.9882,0.9010124176119341,0.9579439252336449,0.803921568627451,0.8742004264392325,0.0018967334035827187,0.8717315843020657,0.981184735221802,0.8997367603599294
system_a_static_neural_v1,cicids2017_sudden_benign_v1,1,pre_drift,2,0.9121250510215759,13,65000,69260,4260,4037,223,0.05234741784037559,4036,1,104,119,0.9753521126760564,0.7666922891504703,0.9916666666666667,0.5336322869955157,0.6938775510204082,0.00024770869457517957,0.7180116112781498,0.937345251490973,0.677978375796433
system_a_static_neural_v1,cicids2017_sudden_benign_v1,1,pre_drift,3,0.9789621233940125,0,0,5000,5000,4746,254,0.0508,4746,0,181,73,0.9638,0.6437007874015748,1.0,0.2874015748031496,0.44648318042813456,0.0,0.52615918670451,0.9970725451353979,0.9324990522686764
system_a_static_neural_v1,cicids2017_sudden_benign_v1,1,pre_drift,3,0.9789621233940125,1,5000,10000,5000,4740,260,0.052,4740,0,153,107,0.9694,0.7057692307692307,1.0,0.4115384615384615,0.5831062670299727,0.0,0.6314031988582008,0.9978310613437196,0.9499076699114427
system_a_static_neural_v1,cicids2017_sudden_benign_v1,1,pre_drift,3,0.9789621233940125,2,10000,15000,5000,4732,268,0.0536,4732,0,136,132,0.9728,0.7462686567164178,1.0,0.4925373134328358,0.66,0.0,0.691937155342999,0.9980633602906852,0.9591449173910759
system_a_static_neural_v1,cicids2017_sudden_benign_v1,1,pre_drift,3,0.9789621233940125,3,15000,20000,5000,4745,255,0.051,4744,1,118,137,0.9762,0.7685220769024153,0.9927536231884058,0.5372549019607843,0.6972010178117048,0.00021074815595363542,0.7211924497854729,0.9980189673340358,0.9575662637151952
system_a_static_neural_v1,cicids2017_sudden_benign_v1,1,pre_drift,3,0.9789621233940125,4,20000,25000,5000,4736,264,0.0528,4736,0,175,89,0.965,0.6685606060606061,1.0,0.3371212121212121,0.5042492917847026,0.0,0.5701825470488235,0.99758378762285,0.9441856207465081
system_a_static_neural_v1,cicids2017_sudden_benign_v1,1,pre_drift,3,0.9789621233940125,5,25000,30000,5000,4748,252,0.0504,4748,0,156,96,0.9688,0.6904761904761905,1.0,0.38095238095238093,0.5517241379310345,0.0,0.6073170453972772,0.9973907142188524,0.9378020020668683
system_a_static_neural_v1,cicids2017_sudden_benign_v1,1,pre_drift,3,0.9789621233940125,6,30000,35000,5000,4734,266,0.0532,4734,0,157,109,0.9686,0.7048872180451128,1.0,0.40977443609022557,0.5813333333333334,0.0,0.6297783489857216,0.997945592752477,0.9539486338983948
system_a_static_neural_v1,cicids2017_sudden_benign_v1,1,pre_drift,3,0.9789621233940125,7,35000,40000,5000,4730,270,0.054,4730,0,202,68,0.9596,0.6259259259259259,1.0,0.2518518518518518,0.40236686390532544,0.0,0.4914638864399161,0.9870918487197556,0.8425050776498694
system_a_static_neural_v1,cicids2017_sudden_benign_v1,1,pre_drift,3,0.9789621233940125,8,40000,45000,5000,4755,245,0.049,4755,0,142,103,0.9716,0.710204081632653,1.0,0.4204081632653061,0.5919540229885057,0.0,0.6389189640185254,0.984993669392047,0.8210369444778236
system_a_static_neural_v1,cicids2017_sudden_benign_v1,1,pre_drift,3,0.9789621233940125,9,45000,50000,5000,4739,261,0.0522,4739,0,28,233,0.9944,0.946360153256705,1.0,0.89272030651341,0.9433198380566802,0.0,0.9420598291758393,0.9975438179482391,0.9815182035455325
system_a_static_neural_v1,cicids2017_sudden_benign_v1,1,pre_drift,3,0.9789621233940125,10,50000,55000,5000,4724,276,0.0552,4724,0,49,227,0.9902,0.911231884057971,1.0,0.822463768115942,0.9025844930417495,0.0,0.9022307294965028,0.9998235958227492,0.9969892815081696
system_a_static_neural_v1,cicids2017_sudden_benign_v1,1,pre_drift,3,0.9789621233940125,11,55000,60000,5000,4760,240,0.048,4759,1,41,199,0.9916,0.9144782913165266,0.995,0.8291666666666667,0.9045454545454545,0.0002100840336134454,0.9042848715476209,0.9995325630252102,0.9914488986213003
system_a_static_neural_v1,cicids2017_sudden_benign_v1,1,pre_drift,3,0.9789621233940125,12,60000,65000,5000,4745,255,0.051,4745,0,48,207,0.9904,0.9058823529411765,1.0,0.8117647058823529,0.8961038961038961,0.0,0.8964570281385096,0.9991941982272361,0.9854533851900088
system_a_static_neural_v1,cicids2017_sudden_benign_v1,1,pre_drift,3,0.9789621233940125,13,65000,69260,4260,4037,223,0.05234741784037559,4037,0,102,121,0.976056338028169,0.7713004484304933,1.0,0.5426008968609866,0.7034883720930233,0.0,0.7274814355695169,0.998036103264534,0.9586405077732034
system_a_static_neural_v1,cicids2017_sudden_benign_v1,1,pre_drift,4,0.954619288444519,0,0,5000,5000,4746,254,0.0508,4740,6,183,71,0.9622,0.6391316682759788,0.922077922077922,0.2795275590551181,0.42900302114803623,0.0012642225031605564,0.49622247790089097,0.9970335566461273,0.9306926682048149
system_a_static_neural_v1,cicids2017_sudden_benign_v1,1,pre_drift,4,0.954619288444519,1,5000,10000,5000,4740,260,0.052,4737,3,157,103,0.968,0.6977604673807205,0.9716981132075472,0.39615384615384613,0.5628415300546448,0.0006329113924050633,0.6096216824082145,0.9973328464784161,0.9386956972394309
system_a_static_neural_v1,cicids2017_sudden_benign_v1,1,pre_drift,4,0.954619288444519,2,10000,15000,5000,4732,268,0.0536,4726,6,139,129,0.971,0.7400376603878326,0.9555555555555556,0.48134328358208955,0.6401985111662531,0.001267962806424345,0.6670998441881505,0.9975318883183407,0.9488677610867746
system_a_static_neural_v1,cicids2017_sudden_benign_v1,1,pre_drift,4,0.954619288444519,3,15000,20000,5000,4745,255,0.051,4740,5,123,132,0.9744,0.7582966590218807,0.9635036496350365,0.5176470588235295,0.673469387755102,0.001053740779768177,0.6961848443772805,0.9976140002892622,0.9491641133448718
system_a_static_neural_v1,cicids2017_sudden_benign_v1,1,pre_drift,4,0.954619288444519,4,20000,25000,5000,4736,264,0.0528,4734,2,176,88,0.9644,0.6664555180180181,0.9777777777777777,0.3333333333333333,0.4971751412429379,0.0004222972972972973,0.5599819155414875,0.9977197545556922,0.9471920052702988
system_a_static_neural_v1,cicids2017_sudden_benign_v1,1,pre_drift,4,0.954619288444519,5,25000,30000,5000,4748,252,0.0504,4742,6,157,95,0.9674,0.6878602185047005,0.9405940594059405,0.376984126984127,0.5382436260623229,0.0012636899747262005,0.5842598430667857,0.9975795990960271,0.9410453331649604
system_a_static_neural_v1,cicids2017_sudden_benign_v1,1,pre_drift,4,0.954619288444519,6,30000,35000,5000,4734,266,0.0532,4730,4,159,107,0.9674,0.7007053438412254,0.963963963963964,0.40225563909774437,0.5676392572944297,0.0008449514152936206,0.611466077598054,0.9981917722061808,0.9584507897194094
system_a_static_neural_v1,cicids2017_sudden_benign_v1,1,pre_drift,4,0.954619288444519,7,35000,40000,5000,4730,270,0.054,4728,2,203,67,0.959,0.6238626575835878,0.9710144927536232,0.24814814814814815,0.3952802359882006,0.00042283298097251583,0.479944252735023,0.9921721086837365,0.8910111567653849
system_a_static_neural_v1,cicids2017_sudden_benign_v1,1,pre_drift,4,0.954619288444519,8,40000,45000,5000,4755,245,0.049,4750,5,139,106,0.9712,0.7158007682568296,0.954954954954955,0.4326530612244898,0.5955056179775281,0.0010515247108307045,0.6323678425818985,0.9890229404064464,0.8453593146100709
system_a_static_neural_v1,cicids2017_sudden_benign_v1,1,pre_drift,4,0.954619288444519,9,45000,50000,5000,4739,261,0.0522,4737,2,31,230,0.9934,0.9404020118378597,0.9913793103448276,0.8812260536398467,0.9330628803245437,0.00042202996412745304,0.9313883086702299,0.9983458365773855,0.9848111726430956
system_a_static_neural_v1,cicids2017_sudden_benign_v1,1,pre_drift,4,0.954619288444519,10,50000,55000,5000,4724,276,0.0552,4722,2,53,223,0.989,0.9037738222336757,0.9911111111111112,0.8079710144927537,0.8902195608782435,0.0004233700254022015,0.8896100758924798,0.9998650124556688,0.9975393029856484
system_a_static_neural_v1,cicids2017_sudden_benign_v1,1,pre_drift,4,0.954619288444519,11,55000,60000,5000,4760,240,0.048,4754,6,44,196,0.99,0.907703081232493,0.9702970297029703,0.8166666666666667,0.8868778280542986,0.0012605042016806723,0.8852731246656407,0.9994870448179272,0.9887717242641949
system_a_static_neural_v1,cicids2017_sudden_benign_v1,1,pre_drift,4,0.954619288444519,12,60000,65000,5000,4745,255,0.051,4736,9,51,204,0.988,0.8990516332982086,0.9577464788732394,0.8,0.8717948717948718,0.0018967334035827187,0.8694122828269241,0.9992189921279365,0.9852049810546825
system_a_static_neural_v1,cicids2017_sudden_benign_v1,1,pre_drift,4,0.954619288444519,13,65000,69260,4260,4037,223,0.05234741784037559,4037,0,102,121,0.976056338028169,0.7713004484304933,1.0,0.5426008968609866,0.7034883720930233,0.0,0.7274814355695169,0.9984193297202668,0.9663656903906305
system_a_static_neural_v1,cicids2017_sudden_benign_v1,1,post_drift,0,0.939024031162262,0,0,5000,5000,4742,258,0.0516,4739,3,145,113,0.9704,0.718675925835107,0.9741379310344828,0.437984496124031,0.6042780748663101,0.0006326444538169548,0.6426947838199758,0.9744964182842422,0.7132143750348539
system_a_static_neural_v1,cicids2017_sudden_benign_v1,1,post_drift,0,0.939024031162262,1,5000,10000,5000,4745,255,0.051,4741,4,161,94,0.967,0.6838922291782888,0.9591836734693877,0.3686274509803922,0.5325779036827195,0.0008429926238145417,0.5836894993885676,0.9459030145250935,0.5740321588789489
system_a_static_neural_v1,cicids2017_sudden_benign_v1,1,post_drift,0,0.939024031162262,2,10000,15000,5000,4723,277,0.0554,4722,1,163,114,0.9672,0.7056703083688318,0.991304347826087,0.41155234657039713,0.5816326530612245,0.00021172983273343214,0.6277247436410041,0.914062912041924,0.5664581988275552
system_a_static_neural_v1,cicids2017_sudden_benign_v1,1,post_drift,0,0.939024031162262,3,15000,20000,5000,4743,257,0.0514,4742,1,156,101,0.9686,0.6963926359632175,0.9901960784313726,0.39299610894941633,0.5626740947075209,0.0002108370229812355,0.6135342934728166,0.8661734557008445,0.5076277751652813
system_a_static_neural_v1,cicids2017_sudden_benign_v1,1,post_drift,0,0.939024031162262,4,20000,25000,5000,4732,268,0.0536,4732,0,184,84,0.9632,0.6567164179104478,1.0,0.31343283582089554,0.4772727272727273,0.0,0.5492735381131832,0.8897408561587666,0.5336838485204571
system_a_static_neural_v1,cicids2017_sudden_benign_v1,1,post_drift,0,0.939024031162262,5,25000,30000,5000,4768,232,0.0464,4767,1,84,148,0.983,0.8188606514695673,0.9932885906040269,0.6379310344827587,0.7769028871391076,0.00020973154362416107,0.7889223669475276,0.990361389146031,0.8938934117536751
system_a_static_neural_v1,cicids2017_sudden_benign_v1,1,post_drift,0,0.939024031162262,6,30000,35000,5000,4737,263,0.0526,4732,5,161,102,0.9668,0.6933885896241143,0.9532710280373832,0.38783269961977185,0.5513513513513514,0.0010555203715431707,0.5966380020004823,0.998888292232253,0.9731419111729682
system_a_static_neural_v1,cicids2017_sudden_benign_v1,1,post_drift,0,0.939024031162262,7,35000,40000,5000,4738,262,0.0524,4737,1,151,111,0.9696,0.7117265313093102,0.9910714285714286,0.42366412213740456,0.5935828877005348,0.00021105951878429716,0.6376448290455734,0.9990018979245276,0.9807689817376537
system_a_static_neural_v1,cicids2017_sudden_benign_v1,1,post_drift,0,0.939024031162262,8,40000,45000,5000,4739,261,0.0522,4737,2,37,224,0.9922,0.9289077589642964,0.9911504424778761,0.8582375478927203,0.919917864476386,0.00042202996412745304,0.9184638753745723,0.9993168288894871,0.9882050263984223
system_a_static_neural_v1,cicids2017_sudden_benign_v1,1,post_drift,0,0.939024031162262,9,45000,50000,5000,4756,244,0.0488,4752,4,48,196,0.9896,0.9012188228157013,0.98,0.8032786885245902,0.8828828828828829,0.0008410428931875525,0.8822496904292234,0.9974199975182341,0.9644395094403334
system_a_static_neural_v1,cicids2017_sudden_benign_v1,1,post_drift,0,0.939024031162262,10,50000,55000,5000,4742,258,0.0516,4740,2,37,221,0.9922,0.9280836921588052,0.9910313901345291,0.8565891472868217,0.918918918918919,0.00042176296921130323,0.917527849183303,0.9988409692047643,0.9817448386997845
system_a_static_neural_v1,cicids2017_sudden_benign_v1,1,post_drift,0,0.939024031162262,11,55000,60000,5000,4741,259,0.0518,4740,1,32,227,0.9934,0.9381184752414451,0.9956140350877193,0.8764478764478765,0.9322381930184805,0.0002109259649862898,0.9308694594139555,0.9994405168419089,0.9899875021652614
system_a_static_neural_v1,cicids2017_sudden_benign_v1,1,post_drift,0,0.939024031162262,12,60000,65000,5000,4736,264,0.0528,4732,4,67,197,0.9858,0.8726837633087633,0.9800995024875622,0.7462121212121212,0.8473118279569892,0.0008445945945945946,0.8486036092580431,0.9968759597665848,0.9615934108946628
system_a_static_neural_v1,cicids2017_sudden_benign_v1,1,post_drift,0,0.939024031162262,13,65000,69270,4270,4055,215,0.05035128805620609,4050,5,47,168,0.9878220140515223,0.8900811516072606,0.9710982658959537,0.7813953488372093,0.865979381443299,0.0012330456226880395,0.8652539437171209,0.9985822842887048,0.9745937180448301
system_a_static_neural_v1,cicids2017_sudden_benign_v1,1,post_drift,1,0.9333740472793579,0,0,5000,5000,4742,258,0.0516,4739,3,141,117,0.9712,0.7264278638196031,0.975,0.45348837209302323,0.6190476190476191,0.0006326444538169548,0.6545607484910839,0.9958747331286639,0.9111005330686596
system_a_static_neural_v1,cicids2017_sudden_benign_v1,1,post_drift,1,0.9333740472793579,1,5000,10000,5000,4745,255,0.051,4741,4,159,96,0.9674,0.6878137978057398,0.96,0.3764705882352941,0.5408450704225352,0.0008429926238145417,0.5902658380788208,0.9814938325172008,0.7289187902340519
system_a_static_neural_v1,cicids2017_sudden_benign_v1,1,post_drift,1,0.9333740472793579,2,10000,15000,5000,4723,277,0.0554,4722,1,159,118,0.968,0.71289052497533,0.9915966386554622,0.4259927797833935,0.5959595959595959,0.00021172983273343214,0.6390094803099882,0.9541287699566833,0.6345619794788381
system_a_static_neural_v1,cicids2017_sudden_benign_v1,1,post_drift,1,0.9333740472793579,3,15000,20000,5000,4743,257,0.0514,4742,1,154,103,0.969,0.7002836865468751,0.9903846153846154,0.40077821011673154,0.5706371191135734,0.0002108370229812355,0.6197711013724885,0.882817274853542,0.5202292045199172
system_a_static_neural_v1,cicids2017_sudden_benign_v1,1,post_drift,1,0.9333740472793579,4,20000,25000,5000,4732,268,0.0536,4731,1,173,95,0.9652,0.6771331424029472,0.9895833333333334,0.35447761194029853,0.521978021978022,0.00021132713440405747,0.581445134359404,0.876341296476199,0.5300250298441479
system_a_static_neural_v1,cicids2017_sudden_benign_v1,1,post_drift,1,0.9333740472793579,5,25000,30000,5000,4768,232,0.0464,4766,2,74,158,0.9848,0.8403075098356863,0.9875,0.6810344827586207,0.8061224489795918,0.00041946308724832214,0.8134502040796852,0.989129216327239,0.8990855174359855
system_a_static_neural_v1,cicids2017_sudden_benign_v1,1,post_drift,1,0.9333740472793579,6,30000,35000,5000,4737,263,0.0526,4732,5,159,104,0.9672,0.6971908709929356,0.9541284403669725,0.39543726235741444,0.5591397849462365,0.0010555203715431707,0.6028847342761963,0.9939454067204941,0.8822745462038779
system_a_static_neural_v1,cicids2017_sudden_benign_v1,1,post_drift,1,0.9333740472793579,7,35000,40000,5000,4738,262,0.0524,4737,1,148,114,0.9702,0.7174517221490048,0.991304347826087,0.4351145038167939,0.6047745358090185,0.00021105951878429716,0.6464870306465617,0.9954066359690531,0.9077470313227745
system_a_static_neural_v1,cicids2017_sudden_benign_v1,1,post_drift,1,0.9333740472793579,8,40000,45000,5000,4739,261,0.0522,4737,2,31,230,0.9934,0.9404020118378597,0.9913793103448276,0.8812260536398467,0.9330628803245437,0.00042202996412745304,0.9313883086702299,0.9995270353850296,0.9917620815935574
system_a_static_neural_v1,cicids2017_sudden_benign_v1,1,post_drift,1,0.9333740472793579,9,45000,50000,5000,4756,244,0.0488,4753,3,39,205,0.9916,0.9197665761281695,0.9855769230769231,0.8401639344262295,0.9070796460176991,0.0006307821698906644,0.9058652805479726,0.998398054571275,0.9753428288581003
system_a_static_neural_v1,cicids2017_sudden_benign_v1,1,post_drift,1,0.9333740472793579,10,50000,55000,5000,4742,258,0.0516,4740,2,33,225,0.993,0.9358356301433013,0.9911894273127754,0.872093023255814,0.9278350515463918,0.00042176296921130323,0.9262638379669934,0.999142578769956,0.9858694733413386
system_a_static_neural_v1,cicids2017_sudden_benign_v1,1,post_drift,1,0.9333740472793579,11,55000,60000,5000,4741,259,0.0518,4740,1,28,231,0.9942,0.9458404829634528,0.9956896551724138,0.8918918918918919,0.9409368635437881,0.0002109259649862898,0.9394685369804833,0.9997141505262155,0.9947103100062218
system_a_static_neural_v1,cicids2017_sudden_benign_v1,1,post_drift,1,0.9333740472793579,12,60000,65000,5000,4736,264,0.0528,4734,2,50,214,0.9896,0.9050918816543816,0.9907407407407407,0.8106060606060606,0.8916666666666667,0.0004222972972972973,0.8911870859308704,0.9979285037878788,0.9714647296699936
system_a_static_neural_v1,cicids2017_sudden_benign_v1,1,post_drift,1,0.9333740472793579,13,65000,69270,4270,4055,215,0.05035128805620609,4049,6,36,179,0.9901639344262295,0.915539242393829,0.9675675675675676,0.8325581395348837,0.895,0.0014796547472256474,0.8926368343876229,0.9990445330198148,0.9824471670553143
system_a_static_neural_v1,cicids2017_sudden_benign_v1,1,post_drift,2,0.9121250510215759,0,0,5000,5000,4742,258,0.0516,4737,5,145,113,0.97,0.7184650443505014,0.9576271186440678,0.437984496124031,0.601063829787234,0.001054407423028258,0.6367408158470879,0.8887477563190882,0.5598749033477073
system_a_static_neural_v1,cicids2017_sudden_benign_v1,1,post_drift,2,0.9121250510215759,1,5000,10000,5000,4745,255,0.051,4741,4,166,89,0.966,0.6740883076096613,0.956989247311828,0.34901960784313724,0.5114942528735632,0.0008429926238145417,0.5669415599304164,0.8889175396185871,0.4968283253791717
system_a_static_neural_v1,cicids2017_sudden_benign_v1,1,post_drift,2,0.9121250510215759,2,10000,15000,5000,4723,277,0.0554,4721,2,165,112,0.9666,0.701954335149216,0.9824561403508771,0.4043321299638989,0.5728900255754475,0.0004234596654668643,0.619017427594984,0.9058711841812591,0.554451093425733
system_a_static_neural_v1,cicids2017_sudden_benign_v1,1,post_drift,2,0.9121250510215759,3,15000,20000,5000,4743,257,0.0514,4741,2,158,99,0.968,0.6923961668680694,0.9801980198019802,0.3852140077821012,0.553072625698324,0.000421674045962471,0.6039557610854829,0.9166037026919048,0.5400275622662511
system_a_static_neural_v1,cicids2017_sudden_benign_v1,1,post_drift,2,0.9121250510215759,4,20000,25000,5000,4732,268,0.0536,4732,0,180,88,0.964,0.664179104477612,1.0,0.3283582089552239,0.4943820224719101,0.0,0.5624282518078376,0.9384683198546574,0.5804673157172232
system_a_static_neural_v1,cicids2017_sudden_benign_v1,1,post_drift,2,0.9121250510215759,5,25000,30000,5000,4768,232,0.0464,4766,2,73,159,0.985,0.8424626822494793,0.9875776397515528,0.6853448275862069,0.8091603053435115,0.00041946308724832214,0.8161399109033666,0.990948095059014,0.8869364826758781
system_a_static_neural_v1,cicids2017_sudden_benign_v1,1,post_drift,2,0.9121250510215759,6,30000,35000,5000,4737,263,0.0526,4731,6,159,104,0.967,0.6970853189557813,0.9454545454545454,0.39543726235741444,0.5576407506702413,0.001266624445851805,0.5998781793032213,0.9913688132660048,0.8314716708077391
system_a_static_neural_v1,cicids2017_sudden_benign_v1,1,post_drift,2,0.9121250510215759,7,35000,40000,5000,4738,262,0.0524,4736,2,146,116,0.9704,0.7211629862827424,0.9830508474576272,0.44274809160305345,0.6105263157894737,0.00042211903756859433,0.64930795512332,0.9941193340186055,0.8872191993884937
system_a_static_neural_v1,cicids2017_sudden_benign_v1,1,post_drift,2,0.9121250510215759,8,40000,45000,5000,4739,261,0.0522,4737,2,28,233,0.994,0.9461491382746412,0.9914893617021276,0.89272030651341,0.9395161290322581,0.00042202996412745304,0.9377957895759415,0.9985649364246624,0.9780639121292525
system_a_static_neural_v1,cicids2017_sudden_benign_v1,1,post_drift,2,0.9121250510215759,9,45000,50000,5000,4756,244,0.0488,4753,3,38,206,0.9918,0.9218157564560383,0.9856459330143541,0.8442622950819673,0.9094922737306843,0.0006307821698906644,0.9082018905551551,0.9955017992802878,0.947206381873676
system_a_static_neural_v1,cicids2017_sudden_benign_v1,1,post_drift,2,0.9121250510215759,10,50000,55000,5000,4742,258,0.0516,4740,2,39,219,0.9918,0.9242077231665571,0.9909502262443439,0.8488372093023255,0.9144050104384134,0.00042176296921130323,0.9131340602290636,0.9977947354826897,0.9700065685481323
system_a_static_neural_v1,cicids2017_sudden_benign_v1,1,post_drift,2,0.9121250510215759,11,55000,60000,5000,4741,259,0.0518,4740,1,29,230,0.994,0.9439099810329509,0.9956709956709957,0.888030888030888,0.9387755102040817,0.0002109259649862898,0.9373248136153488,0.9986578919293537,0.980501615315488
system_a_static_neural_v1,cicids2017_sudden_benign_v1,1,post_drift,2,0.9121250510215759,12,60000,65000,5000,4736,264,0.0528,4733,3,49,215,0.9896,0.9068802467239967,0.9862385321100917,0.8143939393939394,0.8921161825726142,0.000633445945945946,0.8911922055028165,0.9946453022624898,0.9452514178895084
system_a_static_neural_v1,cicids2017_sudden_benign_v1,1,post_drift,2,0.9121250510215759,13,65000,69270,4270,4055,215,0.05035128805620609,4050,5,36,179,0.9903981264637002,0.9156625469560978,0.9728260869565217,0.8325581395348837,0.8972431077694235,0.0012330456226880395,0.8952152187785555,0.9973607088578555,0.9600846161454741
system_a_static_neural_v1,cicids2017_sudden_benign_v1,1,post_drift,3,0.9789621233940125,0,0,5000,5000,4742,258,0.0516,4741,1,143,115,0.9712,0.7227627763119607,0.9913793103448276,0.44573643410852715,0.6149732620320856,0.00021088148460565162,0.6547061539499766,0.9967476843905199,0.9271054456346003
system_a_static_neural_v1,cicids2017_sudden_benign_v1,1,post_drift,3,0.9789621233940125,1,5000,10000,5000,4745,255,0.051,4743,2,163,92,0.967,0.6801814087067914,0.9787234042553191,0.3607843137254902,0.5272206303724928,0.00042149631190727084,0.5837144890324792,0.990758486745594,0.819693316246716
system_a_static_neural_v1,cicids2017_sudden_benign_v1,1,post_drift,3,0.9789621233940125,2,10000,15000,5000,4723,277,0.0554,4723,0,164,113,0.9672,0.703971119133574,1.0,0.40794223826714804,0.5794871794871795,0.0,0.6278951673470385,0.9817094470488148,0.7753539436081569
system_a_static_neural_v1,cicids2017_sudden_benign_v1,1,post_drift,3,0.9789621233940125,3,15000,20000,5000,4743,257,0.0514,4741,2,158,99,0.968,0.6923961668680694,0.9801980198019802,0.3852140077821012,0.553072625698324,0.000421674045962471,0.6039557610854829,0.9107248773740699,0.5387477584596925
system_a_static_neural_v1,cicids2017_sudden_benign_v1,1,post_drift,3,0.9789621233940125,4,20000,25000,5000,4732,268,0.0536,4732,0,193,75,0.9614,0.6399253731343284,1.0,0.2798507462686567,0.43731778425655976,0.0,0.5185402649400704,0.8976742975738383,0.5385233974028196
system_a_static_neural_v1,cicids2017_sudden_benign_v1,1,post_drift,3,0.9789621233940125,5,25000,30000,5000,4768,232,0.0464,4768,0,81,151,0.9838,0.8254310344827587,1.0,0.6508620689655172,0.7885117493472585,0.0,0.7999935997923487,0.9895224629715342,0.8990139122072167
system_a_static_neural_v1,cicids2017_sudden_benign_v1,1,post_drift,3,0.9789621233940125,6,30000,35000,5000,4737,263,0.0526,4737,0,162,101,0.9676,0.6920152091254753,1.0,0.3840304182509506,0.554945054945055,0.0,0.6093696010859494,0.9969939743030957,0.928379585352341
system_a_static_neural_v1,cicids2017_sudden_benign_v1,1,post_drift,3,0.9789621233940125,7,35000,40000,5000,4738,262,0.0524,4736,2,150,112,0.9696,0.7135293984964829,0.9824561403508771,0.42748091603053434,0.5957446808510638,0.00042211903756859433,0.6375389006247625,0.9975623431151096,0.9479340439961567
system_a_static_neural_v1,cicids2017_sudden_benign_v1,1,post_drift,3,0.9789621233940125,8,40000,45000,5000,4739,261,0.0522,4738,1,35,226,0.9928,0.9328446840798493,0.9955947136563876,0.8659003831417624,0.9262295081967213,0.00021101498206372652,0.9249474215612674,0.9993952520820548,0.9893751778521986
system_a_static_neural_v1,cicids2017_sudden_benign_v1,1,post_drift,3,0.9789621233940125,9,45000,50000,5000,4756,244,0.0488,4756,0,49,195,0.9902,0.8995901639344263,1.0,0.7991803278688525,0.8883826879271071,0.0,0.8893989645112748,0.9979766714004054,0.9689660032263153
system_a_static_neural_v1,cicids2017_sudden_benign_v1,1,post_drift,3,0.9789621233940125,10,50000,55000,5000,4742,258,0.0516,4742,0,40,218,0.992,0.9224806201550387,1.0,0.8449612403100775,0.9159663865546218,0.0,0.915365168777168,0.9990812760128033,0.9847407535501023
system_a_static_neural_v1,cicids2017_sudden_benign_v1,1,post_drift,3,0.9789621233940125,11,55000,60000,5000,4741,259,0.0518,4740,1,30,229,0.9938,0.941979479102449,0.9956521739130435,0.8841698841698842,0.9366053169734151,0.0002109259649862898,0.9351770784634535,0.999572447368271,0.9925249496136757
system_a_static_neural_v1,cicids2017_sudden_benign_v1,1,post_drift,3,0.9789621233940125,12,60000,65000,5000,4736,264,0.0528,4735,1,56,208,0.9886,0.8938338196150696,0.9952153110047847,0.7878787878787878,0.879492600422833,0.00021114864864864866,0.8801659935244213,0.997845324017199,0.969257353389897
system_a_static_neural_v1,cicids2017_sudden_benign_v1,1,post_drift,3,0.9789621233940125,13,65000,69270,4270,4055,215,0.05035128805620609,4054,1,45,170,0.9892271662763467,0.8952255326470335,0.9941520467836257,0.7906976744186046,0.8808290155440415,0.0002466091245376079,0.8815615381152373,0.9989906231181717,0.9815235019650949
system_a_static_neural_v1,cicids2017_sudden_benign_v1,1,post_drift,4,0.954619288444519,0,0,5000,5000,4742,258,0.0516,4739,3,145,113,0.9704,0.718675925835107,0.9741379310344828,0.437984496124031,0.6042780748663101,0.0006326444538169548,0.6426947838199758,0.9963896762887474,0.9206955674381909
system_a_static_neural_v1,cicids2017_sudden_benign_v1,1,post_drift,4,0.954619288444519,1,5000,10000,5000,4745,255,0.051,4740,5,163,92,0.9664,0.679865286472861,0.9484536082474226,0.3607843137254902,0.5227272727272727,0.001053740779768177,0.5737843970094783,0.9954213930039877,0.8904344118604387
system_a_static_neural_v1,cicids2017_sudden_benign_v1,1,post_drift,4,0.954619288444519,2,10000,15000,5000,4723,277,0.0554,4722,1,164,113,0.967,0.7038652542172072,0.9912280701754386,0.40794223826714804,0.578005115089514,0.00021172983273343214,0.6248746537096707,0.9934103866859388,0.8793077665554159
system_a_static_neural_v1,cicids2017_sudden_benign_v1,1,post_drift,4,0.954619288444519,3,15000,20000,5000,4743,257,0.0514,4741,2,160,97,0.9676,0.6885051162844118,0.9797979797979798,0.377431906614786,0.5449438202247191,0.000421674045962471,0.5975665970165049,0.943763941290503,0.5864709254227108
system_a_static_neural_v1,cicids2017_sudden_benign_v1,1,post_drift,4,0.954619288444519,4,20000,25000,5000,4732,268,0.0536,4732,0,194,74,0.9612,0.6380597014925373,1.0,0.27611940298507465,0.4327485380116959,0.0,0.5150194456721978,0.8972532203731973,0.53897929260157
system_a_static_neural_v1,cicids2017_sudden_benign_v1,1,post_drift,4,0.954619288444519,5,25000,30000,5000,4768,232,0.0464,4766,2,81,151,0.9834,0.8252213029391344,0.9869281045751634,0.6508620689655172,0.7844155844155845,0.00041946308724832214,0.7943993344018226,0.9899048614325388,0.9086165948078422
system_a_static_neural_v1,cicids2017_sudden_benign_v1,1,post_drift,4,0.954619288444519,6,30000,35000,5000,4737,263,0.0526,4732,5,162,101,0.9666,0.6914874489397037,0.9528301886792453,0.3840304182509506,0.5474254742547425,0.0010555203715431707,0.5934921247177212,0.9933048704037706,0.8666540316552522
system_a_static_neural_v1,cicids2017_sudden_benign_v1,1,post_drift,4,0.954619288444519,7,35000,40000,5000,4738,262,0.0524,4737,1,150,112,0.9698,0.713634928255875,0.9911504424778761,0.42748091603053434,0.5973333333333334,0.00021105951878429716,0.6406045771985003,0.9955758058123536,0.9086857931370799
system_a_static_neural_v1,cicids2017_sudden_benign_v1,1,post_drift,4,0.954619288444519,8,40000,45000,5000,4739,261,0.0522,4738,1,34,227,0.993,0.9347603928921099,0.9956140350877193,0.8697318007662835,0.9284253578732107,0.00021101498206372652,0.927098621310104,0.9996062670641187,0.9929284983140628
system_a_static_neural_v1,cicids2017_sudden_benign_v1,1,post_drift,4,0.954619288444519,9,45000,50000,5000,4756,244,0.0488,4752,4,45,199,0.9902,0.9073663637993079,0.9802955665024631,0.8155737704918032,0.8903803131991052,0.0008410428931875525,0.8894020376736623,0.9985479945952653,0.9766131387172073
system_a_static_neural_v1,cicids2017_sudden_benign_v1,1,post_drift,4,0.954619288444519,10,50000,55000,5000,4742,258,0.0516,4741,1,42,216,0.9914,0.9184992104204879,0.9953917050691244,0.8372093023255814,0.9094736842105263,0.00021088148460565162,0.9087307184503611,0.9993632686957062,0.9888616571620419
system_a_static_neural_v1,cicids2017_sudden_benign_v1,1,post_drift,4,0.954619288444519,11,55000,60000,5000,4741,259,0.0518,4740,1,31,228,0.9936,0.940048977171947,0.9956331877729258,0.8803088803088803,0.9344262295081968,0.0002109259649862898,0.9330253032567346,0.9996929764911202,0.993959326001462
system_a_static_neural_v1,cicids2017_sudden_benign_v1,1,post_drift,4,0.954619288444519,12,60000,65000,5000,4736,264,0.0528,4733,3,59,205,0.9876,0.8879408527846028,0.9855769230769231,0.7765151515151515,0.8686440677966102,0.000633445945945946,0.8689869408768838,0.9982780187858312,0.9732733167946342
system_a_static_neural_v1,cicids2017_sudden_benign_v1,1,post_drift,4,0.954619288444519,13,65000,69270,4270,4055,215,0.05035128805620609,4049,6,46,169,0.9878220140515223,0.8922834284403407,0.9657142857142857,0.786046511627907,0.8666666666666667,0.0014796547472256474,0.865363632560158,0.9991833223410662,0.9830900506434632
